student_id,name,email,phone,department,semester,attendance_percentage,cgpa,backlogs,fees_pending,fees_amount_due,quiz_score_avg,bot_engagement_score,counselling_sessions
S001,Rohan Das,rohan.das1@example.com,9876500001,ME,2,91.9,4.91,3,true,8000,74.7,29.0,4
S002,Priya Mehta,priya.mehta2@example.com,9876500002,ME,1,79.7,8.03,0,true,5000,56.0,55.0,3
S003,Aditya Rao,aditya.rao3@example.com,9876500003,CSE,7,80.8,9.07,0,false,0,55.9,27.7,2
S004,Rohan Sharma,rohan.sharma4@example.com,9876500004,CE,3,61.0,9.09,0,false,0,62.8,72.3,4
S005,Aarav Das,aarav.das5@example.com,9876500005,EEE,7,41.4,5.29,0,true,5000,76.3,68.2,2
S006,Rahul Kaur,rahul.kaur6@example.com,9876500006,CSE,6,55.3,8.2,3,false,0,88.6,37.6,1
S007,Manav Sharma,manav.sharma7@example.com,9876500007,CE,4,75.8,4.57,4,false,0,80.2,66.2,2
S008,Diya Rao,diya.rao8@example.com,9876500008,CE,2,41.6,6.25,0,false,0,43.7,58.7,4
S009,Sneha Nair,sneha.nair9@example.com,9876500009,ECE,3,40.3,6.6,0,false,0,74.7,60.3,4
S010,Neeraj Rao,neeraj.rao10@example.com,9876500010,EEE,4,50.5,5.05,1,true,12000,67.4,26.3,0
S011,Manav Singh,manav.singh11@example.com,9876500011,ECE,5,75.8,6.15,0,true,8000,54.2,67.1,1
S012,Aditya Rao,aditya.rao12@example.com,9876500012,CE,7,71.5,6.74,3,false,0,59.9,51.1,1
S013,Isha Sharma,isha.sharma13@example.com,9876500013,CSE,3,40.7,7.2,1,true,15000,71.7,70.3,3
S014,Kriti Rao,kriti.rao14@example.com,9876500014,IT,2,84.3,7.17,2,false,0,50.8,29.1,0
S015,Aarav Das,aarav.das15@example.com,9876500015,EEE,4,51.6,6.82,0,true,15000,59.0,33.0,3
S016,Aditya Das,aditya.das16@example.com,9876500016,CE,7,47.7,6.21,2,false,0,80.6,51.9,1
S017,Isha Singh,isha.singh17@example.com,9876500017,CE,5,44.3,5.77,3,false,0,51.2,70.0,1
S018,Aarav Patel,aarav.patel18@example.com,9876500018,IT,3,88.7,6.94,0,false,0,43.0,71.5,3
S019,Rahul Das,rahul.das19@example.com,9876500019,IT,4,57.6,6.21,4,false,0,66.1,33.3,0
S020,Neeraj Kaur,neeraj.kaur20@example.com,9876500020,ECE,6,40.4,8.53,0,false,0,64.2,40.9,2
S021,Sneha Verma,sneha.verma21@example.com,9876500021,EEE,7,46.5,7.47,3,false,0,40.5,42.3,1
S022,Diya Rao,diya.rao22@example.com,9876500022,IT,2,94.7,5.58,1,true,5000,87.6,70.9,2
S023,Sneha Rao,sneha.rao23@example.com,9876500023,CSE,2,51.0,7.38,0,false,0,72.4,48.7,0
S024,Priya Singh,priya.singh24@example.com,9876500024,ME,3,84.7,9.41,0,false,0,67.7,21.3,0
S025,Diya Joshi,diya.joshi25@example.com,9876500025,ECE,3,87.1,6.22,0,false,0,82.3,50.9,3
S026,Manav Singh,manav.singh26@example.com,9876500026,IT,6,56.4,7.68,4,true,5000,88.9,45.8,1
S027,Rohan Kaur,rohan.kaur27@example.com,9876500027,CSE,4,83.2,8.87,4,false,0,40.2,47.8,0
S028,Aditya Nair,aditya.nair28@example.com,9876500028,EEE,5,87.4,5.32,0,false,0,71.1,21.3,0
S029,Aarav Das,aarav.das29@example.com,9876500029,EEE,8,40.7,6.22,0,false,0,84.9,47.0,1
S030,Aditya Kaur,aditya.kaur30@example.com,9876500030,EEE,4,43.6,8.76,0,false,0,88.9,73.3,4
S031,Neeraj Nair,neeraj.nair31@example.com,9876500031,EEE,8,78.0,5.68,1,false,0,88.7,27.7,0
S032,Aarav Nair,aarav.nair32@example.com,9876500032,EEE,7,80.6,8.19,3,false,0,54.7,65.4,1
S033,Aditya Mehta,aditya.mehta33@example.com,9876500033,ME,8,79.9,7.76,0,false,0,58.6,71.7,4
S034,Diya Kaur,diya.kaur34@example.com,9876500034,IT,7,80.4,4.96,1,true,20000,64.1,44.0,2
S035,Manav Rao,manav.rao35@example.com,9876500035,CE,1,54.1,5.54,2,true,20000,70.0,76.7,4
S036,Rahul Rao,rahul.rao36@example.com,9876500036,ECE,4,59.3,4.59,3,true,20000,86.9,41.6,0
S037,Aarav Nair,aarav.nair37@example.com,9876500037,ME,1,43.0,4.76,0,true,12000,88.1,48.8,1
S038,Rohan Kaur,rohan.kaur38@example.com,9876500038,ME,8,78.5,5.43,0,true,8000,72.9,44.7,0
S039,Rahul Das,rahul.das39@example.com,9876500039,IT,1,50.5,7.22,0,false,0,82.0,41.4,2
S040,Kriti Patel,kriti.patel40@example.com,9876500040,ME,3,91.4,8.91,1,true,5000,54.5,67.4,3
S041,Aarav Joshi,aarav.joshi41@example.com,9876500041,ECE,5,46.2,7.64,2,false,0,68.0,77.4,0
S042,Neeraj Kaur,neeraj.kaur42@example.com,9876500042,CE,7,52.4,7.37,0,false,0,75.2,41.6,3
S043,Manav Sharma,manav.sharma43@example.com,9876500043,ME,3,82.1,7.33,3,false,0,80.9,65.5,4
S044,Aditya Mehta,aditya.mehta44@example.com,9876500044,EEE,4,64.4,7.3,0,false,0,78.8,67.0,2
S045,Sneha Sharma,sneha.sharma45@example.com,9876500045,EEE,4,91.5,8.74,3,true,8000,75.5,67.6,1
S046,Priya Joshi,priya.joshi46@example.com,9876500046,CE,8,68.6,4.55,0,false,0,72.3,75.2,3
S047,Neeraj Sharma,neeraj.sharma47@example.com,9876500047,EEE,1,87.4,7.21,4,false,0,54.8,77.6,3
S048,Rohan Singh,rohan.singh48@example.com,9876500048,ME,3,82.8,5.7,3,false,0,71.7,45.1,1
S049,Isha Das,isha.das49@example.com,9876500049,CSE,3,89.6,8.83,0,false,0,73.7,43.3,0
S050,Kriti Sharma,kriti.sharma50@example.com,9876500050,ME,6,86.5,8.89,4,false,0,83.1,71.5,4
S051,Diya Singh,diya.singh51@example.com,9876500051,ME,2,57.0,6.07,0,false,0,77.0,55.9,3
S052,Manav Rao,manav.rao52@example.com,9876500052,EEE,4,77.3,7.78,2,false,0,44.4,63.2,2
S053,Diya Kaur,diya.kaur53@example.com,9876500053,CE,6,90.5,8.33,0,false,0,60.4,42.3,1
S054,Aarav Patel,aarav.patel54@example.com,9876500054,CSE,8,87.4,8.02,0,true,20000,48.8,72.1,3
S055,Simran Rao,simran.rao55@example.com,9876500055,CSE,7,85.8,5.95,1,false,0,68.2,72.7,1
S056,Aarav Verma,aarav.verma56@example.com,9876500056,ME,5,73.1,6.24,1,false,0,50.3,72.0,4
S057,Aarav Joshi,aarav.joshi57@example.com,9876500057,CE,7,72.2,5.44,1,false,0,48.1,24.4,2
S058,Sneha Nair,sneha.nair58@example.com,9876500058,CE,5,65.7,8.92,2,false,0,47.3,58.0,1
S059,Sneha Nair,sneha.nair59@example.com,9876500059,CE,4,62.4,7.13,3,true,12000,67.4,24.6,4
S060,Manav Joshi,manav.joshi60@example.com,9876500060,EEE,8,61.1,4.55,1,false,0,52.1,71.7,1
S061,Diya Kaur,diya.kaur61@example.com,9876500061,ME,6,43.9,5.19,2,true,8000,83.9,45.3,2
S062,Aarav Das,aarav.das62@example.com,9876500062,EEE,7,63.7,7.35,1,false,0,55.1,23.4,3
S063,Rahul Nair,rahul.nair63@example.com,9876500063,EEE,5,82.0,9.42,3,true,12000,79.4,29.4,4
S064,Rahul Das,rahul.das64@example.com,9876500064,ME,1,87.7,6.29,1,false,0,73.1,72.7,0
S065,Diya Sharma,diya.sharma65@example.com,9876500065,CSE,3,65.7,6.46,4,false,0,44.1,30.1,2
S066,Sneha Kaur,sneha.kaur66@example.com,9876500066,ECE,8,88.0,7.84,4,false,0,74.8,52.8,0
S067,Diya Singh,diya.singh67@example.com,9876500067,ME,8,79.9,5.56,0,true,15000,89.6,57.7,4
S068,Priya Kaur,priya.kaur68@example.com,9876500068,IT,5,94.2,8.82,4,false,0,45.5,52.9,3
S069,Rohan Verma,rohan.verma69@example.com,9876500069,ECE,3,69.1,4.78,2,true,15000,40.6,24.0,0
S070,Aarav Joshi,aarav.joshi70@example.com,9876500070,EEE,2,63.8,7.84,3,false,0,63.6,69.8,2
S071,Aditya Sharma,aditya.sharma71@example.com,9876500071,CSE,4,73.7,8.78,3,false,0,61.9,75.5,3
S072,Aditya Rao,aditya.rao72@example.com,9876500072,ME,3,48.1,4.93,4,false,0,56.0,68.4,0
S073,Kriti Das,kriti.das73@example.com,9876500073,ME,7,66.2,4.87,0,false,0,57.4,35.1,3
S074,Aditya Joshi,aditya.joshi74@example.com,9876500074,ME,3,81.9,6.68,0,false,0,89.0,69.3,0
S075,Simran Joshi,simran.joshi75@example.com,9876500075,IT,2,58.0,5.43,1,false,0,82.8,31.4,4
S076,Isha Das,isha.das76@example.com,9876500076,IT,4,83.2,6.91,0,false,0,47.4,46.9,2
S077,Kriti Joshi,kriti.joshi77@example.com,9876500077,EEE,2,94.0,4.67,0,true,8000,66.4,58.7,2
S078,Neeraj Mehta,neeraj.mehta78@example.com,9876500078,ME,6,56.1,8.81,0,true,20000,75.0,72.1,3
S079,Sneha Joshi,sneha.joshi79@example.com,9876500079,CSE,1,47.3,7.44,1,false,0,41.1,74.8,2
S080,Diya Das,diya.das80@example.com,9876500080,CSE,1,56.4,7.16,0,true,12000,58.8,35.0,1
S081,Sneha Mehta,sneha.mehta81@example.com,9876500081,CE,7,41.2,8.45,2,false,0,70.4,75.0,3
S082,Rohan Patel,rohan.patel82@example.com,9876500082,ME,3,84.8,6.55,2,true,12000,49.9,55.7,2
S083,Priya Patel,priya.patel83@example.com,9876500083,ME,8,82.4,6.43,2,false,0,47.6,71.3,1
S084,Sneha Joshi,sneha.joshi84@example.com,9876500084,CSE,7,85.1,8.68,0,true,12000,66.1,66.6,3
S085,Sneha Verma,sneha.verma85@example.com,9876500085,ECE,1,86.9,8.07,1,true,12000,69.6,31.6,4
S086,Diya Sharma,diya.sharma86@example.com,9876500086,IT,7,60.3,6.57,4,true,15000,84.0,51.5,4
S087,Diya Rao,diya.rao87@example.com,9876500087,IT,8,65.0,6.26,2,false,0,66.0,24.5,0
S088,Neeraj Rao,neeraj.rao88@example.com,9876500088,CSE,2,77.9,6.23,3,false,0,50.1,66.1,2
S089,Aditya Sharma,aditya.sharma89@example.com,9876500089,EEE,7,82.6,7.62,2,true,12000,82.0,38.3,3
S090,Diya Nair,diya.nair90@example.com,9876500090,ECE,8,62.9,8.87,4,true,8000,71.7,72.4,1
S091,Kriti Joshi,kriti.joshi91@example.com,9876500091,IT,3,71.0,8.03,0,true,12000,88.6,27.2,3
S092,Aditya Sharma,aditya.sharma92@example.com,9876500092,CE,3,41.6,5.47,2,true,12000,63.5,62.1,4
S093,Sneha Das,sneha.das93@example.com,9876500093,IT,5,43.8,6.51,1,true,20000,73.5,54.4,1
S094,Manav Nair,manav.nair94@example.com,9876500094,CSE,2,46.1,7.32,3,false,0,48.4,54.6,0
S095,Rohan Das,rohan.das95@example.com,9876500095,CSE,5,45.2,4.72,4,false,0,71.7,49.2,3
S096,Isha Kaur,isha.kaur96@example.com,9876500096,ME,7,65.2,8.32,1,false,0,72.4,25.0,3
S097,Diya Sharma,diya.sharma97@example.com,9876500097,IT,6,94.3,4.89,3,false,0,56.1,26.7,4
S098,Isha Patel,isha.patel98@example.com,9876500098,CE,2,47.5,4.85,0,true,15000,42.2,61.8,0
S099,Neeraj Kaur,neeraj.kaur99@example.com,9876500099,IT,1,69.6,5.38,4,false,0,76.0,78.5,1
S100,Priya Patel,priya.patel100@example.com,9876500100,ECE,5,53.8,7.92,0,false,0,50.0,64.1,2
S101,Manav Singh,manav.singh101@example.com,9876500101,ME,6,79.8,7.56,2,true,8000,84.9,41.9,4
S102,Neeraj Singh,neeraj.singh102@example.com,9876500102,IT,1,93.5,7.58,1,true,5000,67.1,20.4,1
S103,Sneha Kaur,sneha.kaur103@example.com,9876500103,CE,1,49.2,6.16,4,false,0,65.8,42.7,4
S104,Neeraj Joshi,neeraj.joshi104@example.com,9876500104,IT,1,75.0,8.05,0,true,12000,60.9,27.0,1
S105,Simran Mehta,simran.mehta105@example.com,9876500105,CE,8,44.9,5.13,1,true,15000,85.1,28.8,2
S106,Rohan Singh,rohan.singh106@example.com,9876500106,ECE,5,85.9,9.39,3,true,15000,61.6,58.3,0
S107,Manav Patel,manav.patel107@example.com,9876500107,CE,3,41.5,4.82,3,false,0,53.6,23.4,3
S108,Manav Rao,manav.rao108@example.com,9876500108,ME,3,93.2,6.91,2,false,0,63.6,50.6,4
S109,Aditya Kaur,aditya.kaur109@example.com,9876500109,IT,8,70.1,4.78,4,false,0,50.6,23.7,1
S110,Aarav Mehta,aarav.mehta110@example.com,9876500110,ME,4,42.4,4.65,4,false,0,84.7,58.8,2
S111,Simran Joshi,simran.joshi111@example.com,9876500111,CE,5,60.0,6.42,1,true,12000,76.2,26.3,2
S112,Isha Das,isha.das112@example.com,9876500112,CSE,7,69.8,7.49,0,false,0,84.7,61.9,1
S113,Sneha Singh,sneha.singh113@example.com,9876500113,IT,4,64.2,6.62,0,false,0,74.7,58.8,1
S114,Diya Sharma,diya.sharma114@example.com,9876500114,CE,1,77.1,6.29,1,true,5000,71.6,78.1,1
S115,Diya Patel,diya.patel115@example.com,9876500115,CE,2,58.0,7.97,4,false,0,57.7,40.2,0
S116,Neeraj Sharma,neeraj.sharma116@example.com,9876500116,IT,2,72.0,5.08,0,false,0,68.0,26.3,3
S117,Rohan Patel,rohan.patel117@example.com,9876500117,IT,1,88.1,8.0,0,false,0,41.9,59.8,2
S118,Aditya Mehta,aditya.mehta118@example.com,9876500118,ME,2,52.7,4.72,0,false,0,85.9,71.1,0
S119,Neeraj Mehta,neeraj.mehta119@example.com,9876500119,ECE,4,82.4,7.4,4,false,0,41.9,38.2,1
S120,Sneha Mehta,sneha.mehta120@example.com,9876500120,CE,2,81.9,9.39,2,true,12000,60.5,72.3,2
S121,Rohan Nair,rohan.nair121@example.com,9876500121,ME,2,79.5,5.68,4,false,0,70.4,79.9,1
S122,Diya Das,diya.das122@example.com,9876500122,ME,8,92.7,7.4,3,false,0,50.7,42.7,4
S123,Aarav Nair,aarav.nair123@example.com,9876500123,CE,7,75.0,7.3,1,false,0,77.3,23.8,4
S124,Diya Singh,diya.singh124@example.com,9876500124,CSE,8,54.1,5.66,1,false,0,52.6,58.7,4
S125,Manav Kaur,manav.kaur125@example.com,9876500125,IT,6,56.1,5.36,3,false,0,79.1,52.8,3
S126,Aarav Verma,aarav.verma126@example.com,9876500126,IT,7,76.6,5.99,3,true,15000,59.2,64.1,0
S127,Neeraj Patel,neeraj.patel127@example.com,9876500127,CSE,3,77.2,7.2,0,false,0,64.9,71.7,1
S128,Manav Mehta,manav.mehta128@example.com,9876500128,ME,5,54.7,5.63,1,true,15000,67.4,23.4,2
S129,Aarav Rao,aarav.rao129@example.com,9876500129,CE,6,58.8,4.95,0,true,8000,76.0,72.0,2
S130,Rohan Mehta,rohan.mehta130@example.com,9876500130,ME,2,60.4,7.15,1,false,0,83.1,77.5,2
S131,Aarav Mehta,aarav.mehta131@example.com,9876500131,EEE,6,84.3,6.49,4,false,0,73.8,56.1,4
S132,Rahul Sharma,rahul.sharma132@example.com,9876500132,ME,7,58.6,7.47,1,false,0,69.4,54.8,2
S133,Kriti Verma,kriti.verma133@example.com,9876500133,CSE,8,54.0,8.05,4,true,5000,81.9,30.8,3
S134,Rahul Singh,rahul.singh134@example.com,9876500134,ME,6,60.4,4.85,0,false,0,45.4,33.1,0
S135,Rohan Patel,rohan.patel135@example.com,9876500135,EEE,1,54.3,9.44,0,false,0,65.7,70.2,1
S136,Simran Mehta,simran.mehta136@example.com,9876500136,ME,7,67.4,5.23,2,false,0,64.8,52.7,1
S137,Rohan Singh,rohan.singh137@example.com,9876500137,ME,3,68.0,9.43,1,true,15000,70.2,74.0,1
S138,Rohan Nair,rohan.nair138@example.com,9876500138,CSE,2,55.5,5.39,0,true,12000,42.0,78.6,0
S139,Rohan Rao,rohan.rao139@example.com,9876500139,CE,5,56.0,9.25,4,false,0,87.5,60.4,2
S140,Kriti Singh,kriti.singh140@example.com,9876500140,EEE,2,87.5,4.91,4,false,0,88.2,33.1,4
S141,Rohan Kaur,rohan.kaur141@example.com,9876500141,IT,7,67.0,5.62,0,true,15000,53.6,50.9,1
S142,Priya Sharma,priya.sharma142@example.com,9876500142,EEE,5,45.1,6.98,1,false,0,80.3,40.9,0
S143,Priya Verma,priya.verma143@example.com,9876500143,ME,1,71.9,6.04,0,false,0,47.8,65.9,4
S144,Rohan Nair,rohan.nair144@example.com,9876500144,ECE,7,78.9,8.17,0,false,0,42.6,27.7,4
S145,Rahul Singh,rahul.singh145@example.com,9876500145,EEE,2,72.6,7.12,0,false,0,79.6,47.0,2
S146,Priya Singh,priya.singh146@example.com,9876500146,CSE,1,42.9,6.36,2,false,0,65.3,45.4,2
S147,Rohan Das,rohan.das147@example.com,9876500147,CSE,4,89.4,9.29,2,false,0,45.7,44.6,0
S148,Simran Das,simran.das148@example.com,9876500148,ECE,7,42.3,8.32,0,false,0,56.5,72.8,0
S149,Kriti Singh,kriti.singh149@example.com,9876500149,ME,3,72.1,6.51,4,false,0,57.5,66.4,4
S150,Diya Patel,diya.patel150@example.com,9876500150,ME,6,79.0,4.62,2,false,0,56.3,69.4,1
S151,Aarav Rao,aarav.rao151@example.com,9876500151,CE,2,48.5,7.49,0,false,0,78.7,33.5,3
S152,Simran Das,simran.das152@example.com,9876500152,ME,2,56.5,9.14,0,false,0,81.7,46.9,0
S153,Kriti Singh,kriti.singh153@example.com,9876500153,CE,3,64.3,6.8,4,true,20000,78.3,38.4,2
S154,Rohan Das,rohan.das154@example.com,9876500154,CE,7,60.7,8.7,2,false,0,87.4,69.0,2
S155,Aarav Sharma,aarav.sharma155@example.com,9876500155,CSE,2,44.6,4.7,0,false,0,88.2,37.1,0
S156,Diya Patel,diya.patel156@example.com,9876500156,CSE,3,54.5,8.51,2,true,12000,54.4,38.7,1
S157,Aditya Verma,aditya.verma157@example.com,9876500157,EEE,2,78.6,8.93,4,true,20000,79.0,56.9,2
S158,Manav Mehta,manav.mehta158@example.com,9876500158,EEE,3,61.6,8.5,0,true,5000,52.3,52.1,2
S159,Kriti Sharma,kriti.sharma159@example.com,9876500159,IT,1,60.2,8.22,0,false,0,72.7,23.9,2
S160,Aarav Das,aarav.das160@example.com,9876500160,ME,3,94.6,8.31,0,false,0,45.2,20.1,4
S161,Kriti Patel,kriti.patel161@example.com,9876500161,IT,8,53.7,5.97,0,true,15000,85.5,69.6,2
S162,Neeraj Singh,neeraj.singh162@example.com,9876500162,EEE,7,80.7,4.98,1,false,0,46.4,42.8,0
S163,Aarav Patel,aarav.patel163@example.com,9876500163,IT,7,81.5,6.52,3,false,0,72.2,56.4,4
S164,Aditya Verma,aditya.verma164@example.com,9876500164,ECE,8,77.3,7.93,1,false,0,47.2,79.7,3
S165,Diya Rao,diya.rao165@example.com,9876500165,EEE,3,42.1,6.03,0,false,0,47.6,61.9,3
S166,Manav Nair,manav.nair166@example.com,9876500166,IT,1,54.1,8.0,0,false,0,84.6,32.5,2
S167,Aarav Das,aarav.das167@example.com,9876500167,CE,1,77.0,6.24,0,false,0,88.5,46.6,0
S168,Aditya Joshi,aditya.joshi168@example.com,9876500168,CE,1,64.0,6.33,3,true,12000,76.8,46.3,0
S169,Neeraj Sharma,neeraj.sharma169@example.com,9876500169,ECE,8,61.9,7.82,0,false,0,59.7,46.7,1
S170,Isha Joshi,isha.joshi170@example.com,9876500170,ECE,2,56.1,7.28,0,true,15000,78.0,37.0,2
S171,Kriti Mehta,kriti.mehta171@example.com,9876500171,ME,7,79.4,8.54,0,false,0,79.0,71.1,1
S172,Diya Rao,diya.rao172@example.com,9876500172,CE,5,55.2,6.56,3,true,12000,43.8,35.6,4
S173,Sneha Das,sneha.das173@example.com,9876500173,CSE,7,40.0,6.73,0,true,20000,41.9,59.2,0
S174,Kriti Nair,kriti.nair174@example.com,9876500174,CE,3,46.2,5.39,0,false,0,50.9,29.4,2
S175,Priya Verma,priya.verma175@example.com,9876500175,ECE,4,42.5,6.17,3,true,8000,82.1,47.5,4
S176,Aditya Sharma,aditya.sharma176@example.com,9876500176,EEE,6,48.1,5.77,4,false,0,52.9,77.4,2
S177,Priya Patel,priya.patel177@example.com,9876500177,CE,2,67.7,8.53,2,false,0,71.8,54.1,4
S178,Rohan Nair,rohan.nair178@example.com,9876500178,EEE,1,56.2,8.64,0,true,8000,79.2,28.3,0
S179,Neeraj Sharma,neeraj.sharma179@example.com,9876500179,EEE,7,63.0,5.55,1,true,12000,87.0,43.5,1
S180,Sneha Kaur,sneha.kaur180@example.com,9876500180,EEE,8,88.5,5.09,0,false,0,48.5,60.5,4
S181,Priya Kaur,priya.kaur181@example.com,9876500181,ME,1,54.2,4.73,4,true,5000,70.6,43.7,0
S182,Simran Joshi,simran.joshi182@example.com,9876500182,IT,3,56.5,9.0,0,false,0,53.5,66.0,4
S183,Rahul Verma,rahul.verma183@example.com,9876500183,CSE,6,58.1,8.57,2,false,0,43.0,22.4,1
S184,Aditya Kaur,aditya.kaur184@example.com,9876500184,EEE,3,94.7,7.51,0,false,0,73.5,66.0,1
S185,Manav Verma,manav.verma185@example.com,9876500185,ECE,5,83.9,6.44,2,false,0,84.2,65.1,0
S186,Manav Das,manav.das186@example.com,9876500186,CSE,5,48.6,6.11,0,false,0,65.7,50.3,3
S187,Isha Rao,isha.rao187@example.com,9876500187,IT,5,55.8,9.36,3,true,15000,47.5,55.1,1
S188,Isha Nair,isha.nair188@example.com,9876500188,ECE,2,50.9,8.7,1,false,0,68.6,66.6,3
S189,Rohan Singh,rohan.singh189@example.com,9876500189,EEE,7,92.2,6.68,0,false,0,49.8,66.3,1
S190,Isha Das,isha.das190@example.com,9876500190,IT,6,56.1,9.38,0,true,12000,75.3,26.7,1
S191,Manav Patel,manav.patel191@example.com,9876500191,CSE,6,94.9,6.9,0,false,0,50.5,48.8,3
S192,Diya Kaur,diya.kaur192@example.com,9876500192,CE,6,90.3,6.45,0,false,0,55.1,35.6,2
S193,Aarav Mehta,aarav.mehta193@example.com,9876500193,IT,3,82.6,8.37,0,false,0,60.7,53.0,0
S194,Diya Das,diya.das194@example.com,9876500194,CE,2,93.6,7.77,1,true,20000,73.0,48.2,1
S195,Priya Nair,priya.nair195@example.com,9876500195,IT,5,70.2,7.85,3,false,0,70.2,23.8,3
S196,Rohan Mehta,rohan.mehta196@example.com,9876500196,ECE,8,74.4,8.95,1,false,0,67.3,28.6,1
S197,Isha Das,isha.das197@example.com,9876500197,CE,7,91.1,6.5,2,true,15000,61.4,52.2,2
S198,Aditya Verma,aditya.verma198@example.com,9876500198,EEE,8,56.4,5.2,2,true,8000,86.9,33.5,2
S199,Priya Das,priya.das199@example.com,9876500199,CSE,5,45.8,7.16,0,true,5000,69.4,27.8,4
S200,Priya Mehta,priya.mehta200@example.com,9876500200,EEE,1,91.8,5.41,2,true,12000,82.2,52.9,0
S201,Rahul Joshi,rahul.joshi201@example.com,9876500201,CE,7,86.1,5.87,1,false,0,45.1,38.7,0
S202,Aditya Joshi,aditya.joshi202@example.com,9876500202,CE,2,75.0,8.82,2,false,0,77.2,41.5,2
S203,Manav Singh,manav.singh203@example.com,9876500203,IT,3,53.0,5.62,1,true,12000,86.7,26.6,0
S204,Priya Sharma,priya.sharma204@example.com,9876500204,IT,8,93.4,8.54,1,false,0,61.2,20.5,0
S205,Rohan Singh,rohan.singh205@example.com,9876500205,ECE,4,56.3,4.81,2,true,5000,51.7,67.5,4
S206,Rohan Patel,rohan.patel206@example.com,9876500206,ECE,8,80.3,8.47,4,true,15000,46.9,72.0,0
S207,Neeraj Das,neeraj.das207@example.com,9876500207,ECE,4,80.8,7.43,0,false,0,87.0,79.2,0
S208,Sneha Verma,sneha.verma208@example.com,9876500208,CSE,4,60.2,8.16,0,false,0,59.3,49.5,4
S209,Aditya Das,aditya.das209@example.com,9876500209,CSE,4,83.8,6.47,0,false,0,55.5,64.9,0
S210,Aarav Nair,aarav.nair210@example.com,9876500210,ME,6,84.1,6.47,2,true,15000,73.8,67.0,1
S211,Simran Kaur,simran.kaur211@example.com,9876500211,CE,3,72.0,8.8,4,false,0,72.5,64.1,3
S212,Priya Mehta,priya.mehta212@example.com,9876500212,ME,8,82.1,8.46,2,false,0,51.8,41.9,4
S213,Priya Verma,priya.verma213@example.com,9876500213,CE,7,67.6,9.17,0,false,0,60.1,32.7,1
S214,Rohan Nair,rohan.nair214@example.com,9876500214,CE,6,58.4,6.38,2,true,15000,73.3,46.2,3
S215,Rahul Das,rahul.das215@example.com,9876500215,IT,6,48.6,5.42,0,true,8000,79.1,50.2,3
S216,Isha Kaur,isha.kaur216@example.com,9876500216,CE,4,41.0,5.08,0,false,0,83.8,34.3,0
S217,Isha Verma,isha.verma217@example.com,9876500217,EEE,1,83.4,8.27,1,false,0,52.3,66.0,1
S218,Simran Das,simran.das218@example.com,9876500218,ME,1,41.8,6.2,4,true,8000,57.1,37.2,3
S219,Aditya Kaur,aditya.kaur219@example.com,9876500219,ECE,1,78.2,8.66,0,false,0,76.5,48.2,3
S220,Neeraj Patel,neeraj.patel220@example.com,9876500220,IT,5,55.8,7.23,0,false,0,42.5,43.2,1
S221,Priya Joshi,priya.joshi221@example.com,9876500221,ME,2,69.5,6.73,1,true,8000,42.3,33.0,0
S222,Simran Verma,simran.verma222@example.com,9876500222,EEE,3,68.7,8.76,4,false,0,51.4,53.9,3
S223,Aarav Das,aarav.das223@example.com,9876500223,EEE,7,57.4,5.91,0,false,0,86.8,35.3,0
S224,Rohan Das,rohan.das224@example.com,9876500224,IT,4,92.1,4.73,3,true,5000,84.3,37.2,0
S225,Sneha Patel,sneha.patel225@example.com,9876500225,EEE,4,52.2,8.07,0,true,20000,84.8,31.5,3
S226,Kriti Verma,kriti.verma226@example.com,9876500226,CE,7,85.4,7.96,1,true,5000,56.9,33.1,1
S227,Diya Kaur,diya.kaur227@example.com,9876500227,ECE,6,61.1,5.88,0,false,0,50.7,37.1,2
S228,Rohan Kaur,rohan.kaur228@example.com,9876500228,IT,7,53.9,9.39,1,true,8000,89.9,75.4,1
S229,Aditya Mehta,aditya.mehta229@example.com,9876500229,ME,3,42.7,7.1,0,false,0,69.2,61.9,3
S230,Aarav Kaur,aarav.kaur230@example.com,9876500230,CSE,6,64.4,8.47,0,true,20000,64.0,20.9,3
S231,Rohan Mehta,rohan.mehta231@example.com,9876500231,ME,2,54.9,8.03,0,false,0,78.7,37.7,0
S232,Simran Mehta,simran.mehta232@example.com,9876500232,EEE,7,64.1,7.38,0,false,0,44.5,55.3,4
S233,Diya Rao,diya.rao233@example.com,9876500233,ECE,3,57.3,8.32,0,false,0,64.7,72.8,3
S234,Manav Rao,manav.rao234@example.com,9876500234,ME,5,74.0,9.0,2,false,0,42.5,22.8,2
S235,Sneha Sharma,sneha.sharma235@example.com,9876500235,EEE,7,91.0,5.01,3,false,0,54.1,22.8,4
S236,Sneha Singh,sneha.singh236@example.com,9876500236,CSE,4,46.2,5.61,2,false,0,72.1,37.7,2
S237,Sneha Singh,sneha.singh237@example.com,9876500237,CSE,5,79.4,7.68,0,false,0,74.8,22.9,4
S238,Simran Patel,simran.patel238@example.com,9876500238,ME,2,84.3,9.18,4,false,0,69.0,79.0,1
S239,Rohan Singh,rohan.singh239@example.com,9876500239,EEE,3,49.7,8.2,0,false,0,89.7,50.4,2
S240,Simran Singh,simran.singh240@example.com,9876500240,ME,7,84.6,9.15,2,false,0,73.0,71.3,1
S241,Rohan Sharma,rohan.sharma241@example.com,9876500241,EEE,8,57.6,6.54,0,true,12000,73.8,76.5,2
S242,Rahul Patel,rahul.patel242@example.com,9876500242,ME,5,64.3,9.24,4,false,0,48.2,50.2,0
S243,Isha Nair,isha.nair243@example.com,9876500243,EEE,6,76.4,8.5,3,false,0,77.4,74.2,4
S244,Priya Patel,priya.patel244@example.com,9876500244,IT,4,48.7,8.24,3,false,0,68.0,61.6,3
S245,Isha Rao,isha.rao245@example.com,9876500245,ME,8,90.6,7.78,1,false,0,62.1,42.7,2
S246,Kriti Patel,kriti.patel246@example.com,9876500246,CE,5,82.5,7.75,3,true,20000,52.5,53.7,4
S247,Simran Singh,simran.singh247@example.com,9876500247,EEE,1,64.7,6.69,4,true,15000,88.3,46.3,2
S248,Kriti Singh,kriti.singh248@example.com,9876500248,CSE,7,89.1,7.03,1,false,0,89.8,23.5,3
S249,Manav Sharma,manav.sharma249@example.com,9876500249,CE,6,62.2,7.19,0,false,0,59.6,26.2,1
S250,Aditya Verma,aditya.verma250@example.com,9876500250,ME,7,91.8,7.06,4,false,0,51.9,64.3,3
S251,Rahul Mehta,rahul.mehta251@example.com,9876500251,CE,1,53.8,5.6,0,false,0,74.9,29.8,4
S252,Aditya Mehta,aditya.mehta252@example.com,9876500252,ME,1,84.7,6.72,0,false,0,46.4,72.6,0
S253,Simran Verma,simran.verma253@example.com,9876500253,ME,3,81.9,6.17,1,false,0,71.2,70.3,3
S254,Manav Singh,manav.singh254@example.com,9876500254,CSE,8,64.3,4.68,0,false,0,71.7,50.9,0
S255,Priya Patel,priya.patel255@example.com,9876500255,EEE,7,53.7,6.99,4,true,8000,56.2,48.4,0
S256,Aarav Rao,aarav.rao256@example.com,9876500256,ME,4,85.3,6.41,0,false,0,48.1,54.0,0
S257,Rahul Mehta,rahul.mehta257@example.com,9876500257,EEE,2,64.0,8.68,0,false,0,71.5,27.3,3
S258,Kriti Nair,kriti.nair258@example.com,9876500258,CSE,7,42.3,9.13,4,false,0,57.7,68.8,0
S259,Sneha Das,sneha.das259@example.com,9876500259,ECE,3,55.9,6.97,0,false,0,77.6,24.9,4
S260,Sneha Mehta,sneha.mehta260@example.com,9876500260,CSE,8,48.1,9.05,0,false,0,49.8,33.0,4
S261,Priya Verma,priya.verma261@example.com,9876500261,CE,3,64.4,8.97,0,false,0,43.5,76.6,4
S262,Simran Sharma,simran.sharma262@example.com,9876500262,IT,8,50.9,7.06,3,true,15000,62.8,32.2,1
S263,Neeraj Mehta,neeraj.mehta263@example.com,9876500263,ME,5,93.5,4.54,0,false,0,76.9,24.0,4
S264,Aditya Das,aditya.das264@example.com,9876500264,ECE,2,74.3,5.27,2,true,20000,52.4,69.4,3
S265,Aditya Verma,aditya.verma265@example.com,9876500265,EEE,2,77.6,4.92,0,false,0,89.6,43.0,3
S266,Aarav Singh,aarav.singh266@example.com,9876500266,ECE,8,51.2,8.62,1,false,0,86.7,38.9,2
S267,Kriti Verma,kriti.verma267@example.com,9876500267,CSE,5,80.3,4.96,1,false,0,88.8,25.7,3
S268,Diya Joshi,diya.joshi268@example.com,9876500268,ME,5,66.6,8.03,1,false,0,46.6,58.5,3
S269,Rahul Sharma,rahul.sharma269@example.com,9876500269,ECE,3,76.8,8.16,0,true,8000,83.0,31.5,1
S270,Simran Joshi,simran.joshi270@example.com,9876500270,IT,7,45.4,8.32,1,false,0,44.2,39.7,1
S271,Rahul Das,rahul.das271@example.com,9876500271,CE,8,68.3,8.08,0,false,0,89.7,27.5,1
S272,Rahul Joshi,rahul.joshi272@example.com,9876500272,ME,2,82.4,6.95,3,true,8000,85.4,49.7,4
S273,Aditya Joshi,aditya.joshi273@example.com,9876500273,ECE,5,78.0,9.45,0,false,0,77.0,62.3,2
S274,Kriti Verma,kriti.verma274@example.com,9876500274,ECE,2,60.5,5.91,2,false,0,86.0,33.0,2
S275,Sneha Patel,sneha.patel275@example.com,9876500275,ME,6,45.9,8.33,1,true,8000,81.1,23.4,0
S276,Aditya Das,aditya.das276@example.com,9876500276,CE,6,59.8,8.34,2,false,0,78.3,23.8,1
S277,Priya Joshi,priya.joshi277@example.com,9876500277,ECE,4,56.0,5.64,1,true,5000,48.0,53.9,1
S278,Simran Kaur,simran.kaur278@example.com,9876500278,CSE,1,82.7,4.77,2,false,0,76.7,69.0,2
S279,Sneha Singh,sneha.singh279@example.com,9876500279,CSE,6,80.8,6.3,1,false,0,73.9,68.6,1
S280,Sneha Verma,sneha.verma280@example.com,9876500280,IT,8,52.4,6.73,1,false,0,58.6,73.5,4
S281,Rahul Verma,rahul.verma281@example.com,9876500281,ECE,3,77.6,6.93,0,false,0,85.0,61.2,1
S282,Priya Nair,priya.nair282@example.com,9876500282,ECE,2,93.6,5.95,0,false,0,85.4,67.4,2
S283,Isha Das,isha.das283@example.com,9876500283,ME,8,74.9,8.66,3,false,0,57.1,23.6,4
S284,Isha Das,isha.das284@example.com,9876500284,ECE,7,94.9,4.55,1,true,12000,85.5,51.2,0
S285,Manav Rao,manav.rao285@example.com,9876500285,ME,5,83.1,6.33,3,true,12000,69.0,28.2,2
S286,Aarav Verma,aarav.verma286@example.com,9876500286,EEE,5,76.9,8.05,1,false,0,49.7,35.7,0
S287,Isha Joshi,isha.joshi287@example.com,9876500287,CE,3,54.8,7.29,1,false,0,46.1,79.1,4
S288,Priya Rao,priya.rao288@example.com,9876500288,ME,6,65.4,7.15,1,true,12000,83.8,44.9,2
S289,Neeraj Mehta,neeraj.mehta289@example.com,9876500289,ME,7,50.9,6.64,2,true,15000,49.7,24.5,3
S290,Sneha Sharma,sneha.sharma290@example.com,9876500290,CSE,2,83.4,4.55,1,false,0,85.9,67.8,4
S291,Kriti Nair,kriti.nair291@example.com,9876500291,EEE,5,87.2,5.16,4,true,20000,87.4,48.4,2
S292,Priya Singh,priya.singh292@example.com,9876500292,EEE,7,91.2,9.26,2,false,0,70.3,27.6,1
S293,Kriti Joshi,kriti.joshi293@example.com,9876500293,CE,5,46.2,7.93,0,true,12000,45.6,57.4,2
S294,Diya Singh,diya.singh294@example.com,9876500294,EEE,3,72.6,6.12,0,true,12000,77.7,55.5,0
S295,Isha Kaur,isha.kaur295@example.com,9876500295,CE,4,61.5,6.45,2,false,0,78.0,57.3,3
S296,Neeraj Sharma,neeraj.sharma296@example.com,9876500296,ME,1,47.4,4.89,0,false,0,60.4,72.3,2
S297,Manav Nair,manav.nair297@example.com,9876500297,IT,5,67.1,6.63,0,false,0,89.7,30.0,1
S298,Diya Sharma,diya.sharma298@example.com,9876500298,CSE,7,62.8,8.06,0,true,5000,81.0,39.4,1
S299,Priya Das,priya.das299@example.com,9876500299,ECE,5,76.4,6.67,3,false,0,68.0,26.9,0
S300,Kriti Das,kriti.das300@example.com,9876500300,IT,6,62.2,6.41,0,true,5000,74.3,63.8,0
S301,Manav Singh,manav.singh301@example.com,9876500301,ECE,4,64.7,5.92,1,true,15000,67.0,21.4,0
S302,Rahul Patel,rahul.patel302@example.com,9876500302,EEE,6,59.8,9.08,0,true,8000,86.6,68.8,4
S303,Isha Kaur,isha.kaur303@example.com,9876500303,ECE,4,60.6,4.78,0,false,0,74.8,60.3,4
S304,Rahul Kaur,rahul.kaur304@example.com,9876500304,CE,3,61.6,4.76,0,false,0,43.9,47.0,2
S305,Neeraj Mehta,neeraj.mehta305@example.com,9876500305,ECE,6,61.5,6.98,3,true,20000,48.4,61.4,0
S306,Neeraj Das,neeraj.das306@example.com,9876500306,ME,5,86.2,5.06,0,false,0,64.8,53.1,0
S307,Priya Nair,priya.nair307@example.com,9876500307,IT,6,74.1,7.95,0,true,12000,65.3,42.0,4
S308,Aditya Singh,aditya.singh308@example.com,9876500308,EEE,1,42.8,6.29,2,true,15000,81.6,61.6,1
S309,Isha Patel,isha.patel309@example.com,9876500309,ECE,5,63.0,7.53,3,true,5000,67.0,68.2,3
S310,Rahul Kaur,rahul.kaur310@example.com,9876500310,ECE,1,56.2,7.33,0,false,0,50.8,64.3,4
S311,Diya Das,diya.das311@example.com,9876500311,CE,7,60.3,9.33,0,false,0,41.2,59.0,0
S312,Kriti Sharma,kriti.sharma312@example.com,9876500312,EEE,4,43.6,8.16,2,false,0,49.7,56.1,1
S313,Rohan Joshi,rohan.joshi313@example.com,9876500313,ME,7,90.7,7.06,0,false,0,76.8,78.5,4
S314,Kriti Verma,kriti.verma314@example.com,9876500314,ME,6,79.1,8.23,0,false,0,63.5,71.9,3
S315,Sneha Nair,sneha.nair315@example.com,9876500315,IT,4,91.1,9.15,0,false,0,54.0,48.8,2
S316,Neeraj Rao,neeraj.rao316@example.com,9876500316,IT,1,56.0,7.15,4,true,15000,73.4,76.5,4
S317,Manav Sharma,manav.sharma317@example.com,9876500317,IT,5,64.1,5.68,0,true,15000,46.5,22.7,2
S318,Aarav Patel,aarav.patel318@example.com,9876500318,ME,5,63.9,8.24,0,true,15000,89.4,75.2,1
S319,Isha Joshi,isha.joshi319@example.com,9876500319,IT,8,41.2,9.06,0,false,0,63.0,61.0,3
S320,Diya Das,diya.das320@example.com,9876500320,CE,1,51.5,7.21,3,false,0,58.5,25.5,3
S321,Rahul Rao,rahul.rao321@example.com,9876500321,IT,8,74.9,8.12,1,true,15000,78.1,52.7,2
S322,Kriti Nair,kriti.nair322@example.com,9876500322,EEE,6,54.3,8.33,3,false,0,55.7,43.9,0
S323,Neeraj Singh,neeraj.singh323@example.com,9876500323,ME,6,66.4,5.75,0,true,20000,78.3,53.4,3
S324,Neeraj Patel,neeraj.patel324@example.com,9876500324,CSE,4,51.0,9.0,4,false,0,49.0,42.0,1
S325,Rahul Verma,rahul.verma325@example.com,9876500325,ECE,8,55.1,7.28,0,false,0,89.2,68.4,0
S326,Manav Rao,manav.rao326@example.com,9876500326,IT,7,45.9,8.27,3,true,8000,67.9,48.6,1
S327,Diya Patel,diya.patel327@example.com,9876500327,ME,4,47.3,7.77,4,false,0,76.3,70.8,4
S328,Priya Patel,priya.patel328@example.com,9876500328,CSE,4,40.6,6.94,3,false,0,56.3,21.0,0
S329,Kriti Nair,kriti.nair329@example.com,9876500329,ME,8,51.6,8.98,2,false,0,46.4,40.1,3
S330,Simran Kaur,simran.kaur330@example.com,9876500330,ME,3,82.0,5.06,2,true,15000,57.4,40.2,0
S331,Priya Verma,priya.verma331@example.com,9876500331,CE,1,80.3,6.48,1,false,0,88.5,50.8,0
S332,Aarav Verma,aarav.verma332@example.com,9876500332,ME,8,91.1,5.15,2,true,20000,80.4,40.4,4
S333,Diya Das,diya.das333@example.com,9876500333,ECE,2,90.5,7.71,2,false,0,88.8,22.7,3
S334,Rohan Rao,rohan.rao334@example.com,9876500334,CE,8,59.1,7.84,4,false,0,42.3,60.4,4
S335,Rohan Das,rohan.das335@example.com,9876500335,ECE,1,53.4,5.19,0,false,0,80.6,34.8,1
S336,Rohan Nair,rohan.nair336@example.com,9876500336,EEE,5,50.5,5.62,0,false,0,47.0,46.4,2
S337,Manav Kaur,manav.kaur337@example.com,9876500337,CE,3,76.2,5.0,0,true,15000,57.4,79.4,0
S338,Simran Sharma,simran.sharma338@example.com,9876500338,ECE,3,75.1,8.33,0,false,0,54.8,61.0,3
S339,Aarav Mehta,aarav.mehta339@example.com,9876500339,IT,3,46.0,4.75,2,false,0,44.2,44.8,3
S340,Rahul Sharma,rahul.sharma340@example.com,9876500340,EEE,4,79.4,5.06,4,false,0,65.1,33.3,0
S341,Rohan Singh,rohan.singh341@example.com,9876500341,ECE,3,60.3,6.95,4,true,15000,57.1,44.0,3
S342,Priya Kaur,priya.kaur342@example.com,9876500342,CSE,1,46.9,8.38,3,false,0,61.3,61.8,0
S343,Manav Das,manav.das343@example.com,9876500343,ECE,3,60.0,5.06,2,true,5000,43.6,58.0,2
S344,Sneha Sharma,sneha.sharma344@example.com,9876500344,ECE,8,44.8,5.37,0,false,0,58.9,29.2,2
S345,Aditya Mehta,aditya.mehta345@example.com,9876500345,ME,5,43.1,7.85,0,false,0,41.3,76.1,4
S346,Diya Mehta,diya.mehta346@example.com,9876500346,IT,7,53.8,5.81,3,false,0,42.5,20.4,0
S347,Neeraj Das,neeraj.das347@example.com,9876500347,CSE,5,85.6,9.17,1,false,0,52.5,63.3,3
S348,Manav Das,manav.das348@example.com,9876500348,CSE,1,84.0,4.62,3,false,0,62.1,68.5,0
S349,Isha Mehta,isha.mehta349@example.com,9876500349,ECE,1,44.4,5.96,0,false,0,45.8,28.5,4
S350,Manav Verma,manav.verma350@example.com,9876500350,IT,4,45.5,5.97,3,false,0,40.9,21.8,1
S351,Rohan Singh,rohan.singh351@example.com,9876500351,ECE,8,46.0,8.03,2,false,0,52.9,75.0,0
S352,Kriti Singh,kriti.singh352@example.com,9876500352,EEE,4,41.3,6.45,1,false,0,65.0,73.9,4
S353,Sneha Rao,sneha.rao353@example.com,9876500353,CE,5,74.6,6.23,2,true,8000,74.4,70.3,0
S354,Aarav Das,aarav.das354@example.com,9876500354,ME,6,87.9,6.03,4,false,0,78.5,50.5,4
S355,Manav Kaur,manav.kaur355@example.com,9876500355,IT,2,93.8,6.31,3,false,0,77.3,49.6,0
S356,Manav Verma,manav.verma356@example.com,9876500356,EEE,3,91.6,9.33,1,false,0,51.7,60.5,1
S357,Kriti Joshi,kriti.joshi357@example.com,9876500357,CSE,1,42.8,5.14,0,false,0,43.1,34.5,1
S358,Diya Sharma,diya.sharma358@example.com,9876500358,ECE,1,72.2,9.07,0,true,15000,43.2,28.6,1
S359,Aditya Mehta,aditya.mehta359@example.com,9876500359,ME,8,76.8,9.21,0,false,0,43.8,33.7,3
S360,Manav Mehta,manav.mehta360@example.com,9876500360,EEE,3,90.1,6.09,2,true,12000,84.7,22.6,1
S361,Simran Patel,simran.patel361@example.com,9876500361,EEE,8,67.0,6.13,2,false,0,50.8,39.8,1
S362,Rohan Singh,rohan.singh362@example.com,9876500362,CE,7,51.0,6.77,4,false,0,45.3,61.7,3
S363,Kriti Mehta,kriti.mehta363@example.com,9876500363,IT,4,72.2,7.08,3,true,20000,66.0,72.7,2
S364,Kriti Das,kriti.das364@example.com,9876500364,IT,7,92.6,8.51,4,false,0,87.3,48.6,0
S365,Simran Verma,simran.verma365@example.com,9876500365,CE,3,67.4,8.48,2,false,0,71.6,63.7,2
S366,Neeraj Sharma,neeraj.sharma366@example.com,9876500366,EEE,2,66.5,8.37,1,true,5000,52.9,49.2,4
S367,Priya Verma,priya.verma367@example.com,9876500367,ME,5,92.1,4.79,4,false,0,64.8,36.3,0
S368,Rohan Das,rohan.das368@example.com,9876500368,CE,8,55.3,8.74,1,false,0,73.3,59.3,2
S369,Neeraj Verma,neeraj.verma369@example.com,9876500369,EEE,4,61.8,6.31,0,true,15000,41.9,24.5,2
S370,Sneha Kaur,sneha.kaur370@example.com,9876500370,IT,7,89.5,5.08,0,true,5000,47.8,64.1,3
S371,Neeraj Rao,neeraj.rao371@example.com,9876500371,IT,3,83.2,5.32,1,false,0,71.1,79.1,4
S372,Simran Mehta,simran.mehta372@example.com,9876500372,CE,5,79.8,6.52,2,true,12000,68.3,26.8,1
S373,Isha Rao,isha.rao373@example.com,9876500373,CE,4,49.4,5.77,0,true,15000,64.2,67.6,2
S374,Kriti Mehta,kriti.mehta374@example.com,9876500374,CSE,7,48.1,8.56,4,true,12000,43.7,32.5,1
S375,Aditya Joshi,aditya.joshi375@example.com,9876500375,ECE,2,52.0,6.33,0,true,5000,52.5,75.0,3
S376,Diya Kaur,diya.kaur376@example.com,9876500376,CE,4,88.9,7.03,3,true,20000,60.0,41.0,1
S377,Kriti Verma,kriti.verma377@example.com,9876500377,ME,4,58.8,5.13,0,false,0,70.8,30.1,3
S378,Aditya Mehta,aditya.mehta378@example.com,9876500378,EEE,2,83.8,6.86,0,false,0,83.9,68.2,3
S379,Simran Patel,simran.patel379@example.com,9876500379,IT,2,83.4,6.22,1,true,8000,64.2,21.1,3
S380,Kriti Singh,kriti.singh380@example.com,9876500380,EEE,7,60.0,5.63,2,false,0,74.5,28.0,2
S381,Simran Verma,simran.verma381@example.com,9876500381,ECE,1,51.1,5.5,1,true,5000,54.7,20.3,0
S382,Diya Verma,diya.verma382@example.com,9876500382,EEE,7,84.5,9.0,0,false,0,85.3,41.1,0
S383,Sneha Sharma,sneha.sharma383@example.com,9876500383,EEE,8,53.8,9.43,1,false,0,51.0,35.3,4
S384,Rohan Kaur,rohan.kaur384@example.com,9876500384,ECE,6,70.2,7.22,1,false,0,67.6,48.7,2
S385,Neeraj Rao,neeraj.rao385@example.com,9876500385,ME,2,45.6,6.93,0,false,0,71.2,72.7,4
S386,Aditya Nair,aditya.nair386@example.com,9876500386,CSE,8,73.7,6.16,0,false,0,67.5,66.0,1
S387,Manav Rao,manav.rao387@example.com,9876500387,EEE,5,64.6,7.52,0,false,0,67.8,78.4,4
S388,Simran Rao,simran.rao388@example.com,9876500388,IT,4,88.9,9.46,4,false,0,48.2,48.8,4
S389,Sneha Patel,sneha.patel389@example.com,9876500389,CSE,2,58.4,9.15,3,false,0,56.1,42.0,1
S390,Diya Singh,diya.singh390@example.com,9876500390,ECE,4,42.2,4.64,0,false,0,50.3,55.9,1
S391,Rohan Kaur,rohan.kaur391@example.com,9876500391,CE,1,62.5,8.9,4,true,5000,82.4,34.4,3
S392,Aarav Verma,aarav.verma392@example.com,9876500392,CE,4,79.8,7.16,0,false,0,78.0,74.4,1
S393,Simran Das,simran.das393@example.com,9876500393,EEE,1,74.8,7.99,0,true,15000,79.6,45.2,3
S394,Priya Das,priya.das394@example.com,9876500394,ME,1,70.9,7.26,0,false,0,57.2,64.6,1
S395,Simran Rao,simran.rao395@example.com,9876500395,ECE,5,81.2,5.05,4,true,20000,56.7,21.1,3
S396,Priya Sharma,priya.sharma396@example.com,9876500396,ME,3,92.5,9.24,0,false,0,51.1,30.2,1
S397,Neeraj Sharma,neeraj.sharma397@example.com,9876500397,EEE,6,71.8,8.81,0,false,0,83.7,67.8,2
S398,Aarav Singh,aarav.singh398@example.com,9876500398,EEE,1,41.1,5.43,0,false,0,67.6,21.8,2
S399,Manav Das,manav.das399@example.com,9876500399,CE,8,43.1,6.79,0,false,0,49.3,75.7,4
S400,Kriti Patel,kriti.patel400@example.com,9876500400,CE,1,63.4,9.46,4,true,15000,60.2,30.2,4
S401,Priya Singh,priya.singh401@example.com,9876500401,ME,8,55.0,6.57,0,true,15000,50.8,27.6,3
S402,Manav Verma,manav.verma402@example.com,9876500402,CSE,2,51.5,7.49,3,true,5000,59.1,60.5,2
S403,Manav Kaur,manav.kaur403@example.com,9876500403,CE,1,94.3,7.79,3,false,0,46.6,77.5,1
S404,Diya Das,diya.das404@example.com,9876500404,CSE,2,88.2,5.94,4,true,5000,68.5,23.5,2
S405,Aditya Das,aditya.das405@example.com,9876500405,EEE,3,81.2,5.06,0,false,0,88.7,50.1,3
S406,Rohan Nair,rohan.nair406@example.com,9876500406,CE,7,48.1,8.64,2,true,5000,59.6,73.7,2
S407,Isha Kaur,isha.kaur407@example.com,9876500407,EEE,8,62.4,5.84,1,false,0,62.9,44.3,4
S408,Sneha Verma,sneha.verma408@example.com,9876500408,IT,1,76.2,4.65,3,false,0,44.3,23.3,0
S409,Neeraj Kaur,neeraj.kaur409@example.com,9876500409,EEE,8,64.6,5.46,0,false,0,40.4,33.4,0
S410,Sneha Kaur,sneha.kaur410@example.com,9876500410,ME,3,60.2,8.2,0,false,0,72.6,60.7,3
S411,Diya Patel,diya.patel411@example.com,9876500411,EEE,1,57.5,8.64,0,false,0,66.8,35.7,0
S412,Sneha Nair,sneha.nair412@example.com,9876500412,IT,6,75.6,7.44,4,false,0,86.6,71.4,1
S413,Priya Patel,priya.patel413@example.com,9876500413,ME,2,54.8,5.08,0,true,8000,62.0,29.8,0
S414,Isha Verma,isha.verma414@example.com,9876500414,ME,3,85.9,8.13,0,false,0,46.1,33.1,1
S415,Rohan Kaur,rohan.kaur415@example.com,9876500415,EEE,2,63.5,9.03,0,false,0,77.7,66.3,2
S416,Rahul Das,rahul.das416@example.com,9876500416,CE,2,89.4,8.53,1,false,0,68.0,74.0,4
S417,Priya Verma,priya.verma417@example.com,9876500417,CSE,4,62.5,7.07,3,true,20000,77.5,64.7,0
S418,Kriti Rao,kriti.rao418@example.com,9876500418,CSE,6,61.7,5.34,4,false,0,76.7,31.0,0
S419,Priya Verma,priya.verma419@example.com,9876500419,ECE,3,75.6,8.63,2,true,15000,49.4,53.0,2
S420,Rahul Nair,rahul.nair420@example.com,9876500420,EEE,1,80.3,4.75,2,false,0,46.0,41.7,2
S421,Rohan Singh,rohan.singh421@example.com,9876500421,CE,3,85.2,8.89,0,false,0,89.2,66.9,1
S422,Rohan Verma,rohan.verma422@example.com,9876500422,CSE,4,59.5,8.97,1,false,0,59.4,31.5,4
S423,Diya Das,diya.das423@example.com,9876500423,EEE,3,60.8,7.04,1,false,0,81.6,38.0,4
S424,Rohan Kaur,rohan.kaur424@example.com,9876500424,IT,1,91.7,7.21,3,false,0,83.7,28.5,4
S425,Simran Patel,simran.patel425@example.com,9876500425,ME,1,49.4,9.17,4,true,8000,57.8,34.7,1
S426,Neeraj Das,neeraj.das426@example.com,9876500426,CE,8,94.4,5.43,0,true,15000,46.9,42.6,4
S427,Rohan Singh,rohan.singh427@example.com,9876500427,ME,7,41.3,7.59,4,true,5000,80.9,34.9,4
S428,Isha Verma,isha.verma428@example.com,9876500428,CSE,1,43.7,8.32,0,false,0,62.3,36.2,1
S429,Manav Joshi,manav.joshi429@example.com,9876500429,ME,3,70.4,9.12,0,false,0,58.9,60.2,1
S430,Diya Verma,diya.verma430@example.com,9876500430,CSE,5,54.2,7.94,0,false,0,62.5,43.1,4
S431,Sneha Das,sneha.das431@example.com,9876500431,EEE,2,78.0,8.58,0,true,12000,53.9,43.7,2
S432,Rahul Patel,rahul.patel432@example.com,9876500432,ECE,7,84.4,7.31,1,false,0,64.8,45.3,3
S433,Rahul Mehta,rahul.mehta433@example.com,9876500433,CE,6,64.8,6.63,3,false,0,76.3,63.1,4
S434,Isha Sharma,isha.sharma434@example.com,9876500434,ECE,8,57.8,6.88,1,true,8000,77.5,36.6,1
S435,Neeraj Mehta,neeraj.mehta435@example.com,9876500435,EEE,5,40.8,6.11,1,false,0,63.0,50.8,1
S436,Isha Singh,isha.singh436@example.com,9876500436,EEE,1,62.2,7.46,2,true,5000,89.4,28.2,0
S437,Aarav Patel,aarav.patel437@example.com,9876500437,IT,1,79.5,8.67,1,true,12000,51.7,27.8,4
S438,Rohan Singh,rohan.singh438@example.com,9876500438,EEE,5,90.5,6.01,1,false,0,76.8,64.6,4
S439,Isha Sharma,isha.sharma439@example.com,9876500439,CSE,5,81.8,6.67,1,false,0,83.7,46.8,0
S440,Kriti Patel,kriti.patel440@example.com,9876500440,CE,6,45.7,7.54,1,false,0,42.9,34.8,3
S441,Manav Verma,manav.verma441@example.com,9876500441,ME,8,79.2,7.8,3,true,5000,80.1,45.2,2
S442,Kriti Patel,kriti.patel442@example.com,9876500442,ECE,3,46.4,7.67,0,true,20000,89.3,53.4,2
S443,Neeraj Sharma,neeraj.sharma443@example.com,9876500443,ME,5,80.6,4.75,0,false,0,55.0,37.3,4
S444,Aarav Rao,aarav.rao444@example.com,9876500444,ECE,7,49.0,7.2,0,false,0,50.4,74.0,3
S445,Manav Kaur,manav.kaur445@example.com,9876500445,IT,3,75.0,7.62,1,false,0,70.0,20.7,4
S446,Diya Joshi,diya.joshi446@example.com,9876500446,CSE,8,58.6,6.9,4,false,0,87.9,52.2,1
S447,Priya Nair,priya.nair447@example.com,9876500447,ME,5,73.4,5.15,3,false,0,80.6,60.8,4
S448,Manav Patel,manav.patel448@example.com,9876500448,EEE,6,87.8,5.47,0,false,0,89.6,64.1,3
S449,Aditya Nair,aditya.nair449@example.com,9876500449,EEE,4,72.9,6.87,3,false,0,41.9,59.8,1
S450,Manav Rao,manav.rao450@example.com,9876500450,CE,7,65.7,7.06,0,false,0,51.1,78.0,0
S451,Manav Kaur,manav.kaur451@example.com,9876500451,CE,2,85.0,9.0,0,true,8000,77.7,38.9,0
S452,Aarav Kaur,aarav.kaur452@example.com,9876500452,ECE,5,54.9,9.39,3,false,0,45.9,60.0,2
S453,Manav Patel,manav.patel453@example.com,9876500453,CE,5,81.7,7.92,0,false,0,71.0,49.4,0
S454,Aarav Sharma,aarav.sharma454@example.com,9876500454,IT,8,54.5,5.14,0,false,0,60.1,27.2,4
S455,Aditya Joshi,aditya.joshi455@example.com,9876500455,EEE,4,46.9,7.92,0,false,0,86.8,64.9,4
S456,Aditya Joshi,aditya.joshi456@example.com,9876500456,ME,6,53.7,6.79,4,false,0,67.3,43.4,1
S457,Rohan Sharma,rohan.sharma457@example.com,9876500457,ME,6,48.4,8.81,3,true,5000,70.5,50.8,4
S458,Kriti Mehta,kriti.mehta458@example.com,9876500458,ME,1,76.1,8.49,2,false,0,71.5,52.0,3
S459,Manav Mehta,manav.mehta459@example.com,9876500459,EEE,2,57.4,6.53,1,false,0,41.8,51.9,3
S460,Isha Kaur,isha.kaur460@example.com,9876500460,CE,7,89.4,5.12,2,true,15000,57.4,45.0,1
S461,Rohan Sharma,rohan.sharma461@example.com,9876500461,CE,7,47.4,8.37,3,false,0,56.4,72.9,2
S462,Sneha Joshi,sneha.joshi462@example.com,9876500462,ME,5,52.4,6.05,3,false,0,72.9,79.3,1
S463,Manav Das,manav.das463@example.com,9876500463,EEE,6,81.8,9.15,2,false,0,59.1,62.7,0
S464,Manav Singh,manav.singh464@example.com,9876500464,ECE,4,72.2,6.06,4,false,0,65.3,26.3,0
S465,Rohan Nair,rohan.nair465@example.com,9876500465,IT,6,57.2,7.4,4,false,0,71.2,63.2,1
S466,Rohan Patel,rohan.patel466@example.com,9876500466,EEE,7,57.8,5.22,0,true,15000,44.5,70.9,4
S467,Isha Mehta,isha.mehta467@example.com,9876500467,EEE,8,66.9,8.44,0,false,0,75.9,54.1,2
S468,Aditya Joshi,aditya.joshi468@example.com,9876500468,ME,3,81.9,4.58,3,false,0,64.1,71.8,3
S469,Simran Verma,simran.verma469@example.com,9876500469,CSE,2,78.3,5.64,0,true,15000,67.2,27.4,2
S470,Rahul Joshi,rahul.joshi470@example.com,9876500470,ME,7,62.2,4.57,0,false,0,55.1,76.4,2
S471,Aarav Sharma,aarav.sharma471@example.com,9876500471,IT,8,57.4,6.3,0,false,0,69.3,66.2,3
S472,Manav Verma,manav.verma472@example.com,9876500472,ME,4,49.6,7.93,0,false,0,51.1,78.9,1
S473,Aarav Rao,aarav.rao473@example.com,9876500473,CSE,1,40.4,8.54,4,false,0,42.8,30.2,0
S474,Rohan Rao,rohan.rao474@example.com,9876500474,CE,6,92.4,6.12,4,true,15000,76.5,35.9,2
S475,Aditya Rao,aditya.rao475@example.com,9876500475,CE,5,71.1,7.67,3,false,0,75.5,43.4,2
S476,Sneha Nair,sneha.nair476@example.com,9876500476,ECE,2,63.9,6.93,0,false,0,89.7,79.4,4
S477,Aarav Das,aarav.das477@example.com,9876500477,ECE,8,50.9,6.57,2,false,0,75.9,67.1,0
S478,Isha Verma,isha.verma478@example.com,9876500478,CE,6,71.7,5.17,4,true,15000,59.8,47.6,1
S479,Isha Nair,isha.nair479@example.com,9876500479,ECE,2,76.9,9.18,1,true,20000,72.4,75.4,2
S480,Rohan Singh,rohan.singh480@example.com,9876500480,ECE,6,78.2,9.02,4,true,15000,48.8,39.6,4
S481,Rahul Patel,rahul.patel481@example.com,9876500481,IT,4,62.6,8.8,2,true,8000,78.6,69.5,1
S482,Simran Rao,simran.rao482@example.com,9876500482,IT,7,90.5,7.15,0,false,0,87.5,56.9,1
S483,Aditya Patel,aditya.patel483@example.com,9876500483,EEE,8,74.8,6.28,3,true,12000,56.4,65.8,4
S484,Kriti Sharma,kriti.sharma484@example.com,9876500484,ECE,4,81.2,4.71,0,false,0,66.6,59.1,4
S485,Simran Sharma,simran.sharma485@example.com,9876500485,ME,7,92.2,6.75,3,false,0,57.9,35.1,0
S486,Rahul Das,rahul.das486@example.com,9876500486,ME,5,59.6,4.99,4,false,0,42.0,51.4,4
S487,Aditya Das,aditya.das487@example.com,9876500487,EEE,6,64.4,8.52,0,false,0,41.6,50.5,0
S488,Rohan Joshi,rohan.joshi488@example.com,9876500488,EEE,3,74.8,7.94,2,true,12000,70.2,35.8,2
S489,Priya Verma,priya.verma489@example.com,9876500489,ME,1,62.1,5.58,0,false,0,69.4,58.2,2
S490,Aarav Singh,aarav.singh490@example.com,9876500490,CE,1,70.8,6.9,2,true,15000,64.2,45.3,0
S491,Priya Mehta,priya.mehta491@example.com,9876500491,ECE,4,79.9,4.94,0,false,0,46.1,61.5,0
S492,Manav Kaur,manav.kaur492@example.com,9876500492,CE,5,86.3,4.94,3,false,0,70.7,37.7,4
S493,Diya Mehta,diya.mehta493@example.com,9876500493,ME,6,69.2,7.85,1,true,5000,45.9,31.3,1
S494,Kriti Rao,kriti.rao494@example.com,9876500494,ME,2,93.8,5.56,4,true,12000,77.5,32.1,2
S495,Manav Sharma,manav.sharma495@example.com,9876500495,CE,6,77.1,5.07,0,true,12000,71.9,49.5,4
S496,Aditya Mehta,aditya.mehta496@example.com,9876500496,IT,3,52.9,6.75,1,true,15000,60.5,67.2,4
S497,Sneha Das,sneha.das497@example.com,9876500497,IT,4,58.6,5.32,4,false,0,78.2,65.2,2
S498,Diya Das,diya.das498@example.com,9876500498,CSE,8,61.8,9.27,0,true,12000,61.8,24.3,1
S499,Neeraj Verma,neeraj.verma499@example.com,9876500499,ECE,5,80.3,5.11,1,false,0,66.7,76.9,1
S500,Sneha Mehta,sneha.mehta500@example.com,9876500500,EEE,8,58.5,6.31,4,false,0,64.0,62.3,1
S501,Diya Rao,diya.rao501@example.com,9876500501,EEE,3,47.7,6.77,0,true,5000,69.1,29.4,2
S502,Neeraj Kaur,neeraj.kaur502@example.com,9876500502,ME,3,55.7,8.33,0,false,0,57.8,53.8,3
S503,Aditya Mehta,aditya.mehta503@example.com,9876500503,ME,8,67.5,5.18,3,true,12000,49.5,48.2,4
S504,Aarav Verma,aarav.verma504@example.com,9876500504,IT,3,51.1,5.2,0,true,8000,82.6,53.6,0
S505,Kriti Mehta,kriti.mehta505@example.com,9876500505,ME,3,54.6,7.21,4,false,0,57.6,47.4,0
S506,Isha Nair,isha.nair506@example.com,9876500506,CE,8,47.8,7.25,0,true,5000,76.8,52.4,4
S507,Priya Nair,priya.nair507@example.com,9876500507,ME,1,64.5,8.97,1,false,0,59.5,65.6,0
S508,Aarav Mehta,aarav.mehta508@example.com,9876500508,CSE,7,68.0,7.93,0,false,0,77.2,29.8,3
S509,Simran Kaur,simran.kaur509@example.com,9876500509,ME,3,72.8,7.69,4,false,0,77.4,69.4,0
S510,Isha Nair,isha.nair510@example.com,9876500510,CSE,6,64.1,5.01,0,false,0,78.0,78.5,1
S511,Priya Rao,priya.rao511@example.com,9876500511,ECE,7,76.6,4.76,1,true,12000,81.2,35.8,3
S512,Isha Das,isha.das512@example.com,9876500512,ME,4,48.8,7.26,2,true,20000,42.5,55.4,3
S513,Diya Joshi,diya.joshi513@example.com,9876500513,IT,5,48.4,6.01,0,false,0,47.9,70.5,3
S514,Neeraj Patel,neeraj.patel514@example.com,9876500514,CSE,4,85.4,8.33,3,true,15000,54.8,23.9,3
S515,Manav Singh,manav.singh515@example.com,9876500515,CSE,7,72.2,7.62,3,false,0,84.7,64.8,0
S516,Rahul Kaur,rahul.kaur516@example.com,9876500516,IT,2,93.2,8.53,2,false,0,67.0,34.5,2
S517,Rohan Rao,rohan.rao517@example.com,9876500517,ECE,7,93.6,8.88,0,true,20000,53.5,63.5,3
S518,Diya Joshi,diya.joshi518@example.com,9876500518,IT,3,83.0,8.76,0,true,15000,67.2,53.9,2
S519,Simran Singh,simran.singh519@example.com,9876500519,CE,7,91.6,9.48,1,false,0,88.2,61.3,4
S520,Diya Nair,diya.nair520@example.com,9876500520,EEE,7,66.2,7.07,2,true,5000,54.1,23.0,2
S521,Rahul Joshi,rahul.joshi521@example.com,9876500521,CE,4,41.3,7.14,0,true,5000,61.4,39.1,1
S522,Manav Rao,manav.rao522@example.com,9876500522,IT,1,52.1,7.27,1,true,12000,85.9,77.5,0
S523,Kriti Patel,kriti.patel523@example.com,9876500523,ECE,3,55.2,8.02,3,false,0,75.1,74.9,1
S524,Sneha Joshi,sneha.joshi524@example.com,9876500524,CSE,2,84.4,5.59,0,false,0,53.6,69.7,2
S525,Neeraj Das,neeraj.das525@example.com,9876500525,IT,2,83.3,5.62,0,true,15000,59.3,61.7,0
S526,Isha Singh,isha.singh526@example.com,9876500526,CE,7,61.7,8.02,3,true,20000,79.2,46.1,1
S527,Aditya Joshi,aditya.joshi527@example.com,9876500527,EEE,7,73.3,8.25,0,false,0,41.7,71.4,1
S528,Manav Das,manav.das528@example.com,9876500528,ECE,1,76.5,6.5,0,false,0,46.3,57.4,4
S529,Priya Nair,priya.nair529@example.com,9876500529,ME,2,53.6,7.28,0,true,12000,79.3,23.2,3
S530,Simran Nair,simran.nair530@example.com,9876500530,ECE,1,72.7,6.6,3,false,0,74.3,58.1,0
S531,Priya Joshi,priya.joshi531@example.com,9876500531,CSE,4,63.8,7.81,1,false,0,52.1,76.1,2
S532,Diya Das,diya.das532@example.com,9876500532,CE,4,88.2,6.99,0,false,0,77.7,70.3,1
S533,Diya Sharma,diya.sharma533@example.com,9876500533,CSE,3,76.0,8.24,0,false,0,87.1,61.2,1
S534,Rahul Joshi,rahul.joshi534@example.com,9876500534,CSE,6,91.5,6.95,2,false,0,82.6,24.8,0
S535,Priya Joshi,priya.joshi535@example.com,9876500535,ECE,1,81.4,6.52,4,false,0,43.0,59.3,1
S536,Isha Singh,isha.singh536@example.com,9876500536,IT,2,65.8,6.02,3,false,0,69.2,37.6,1
S537,Simran Rao,simran.rao537@example.com,9876500537,IT,5,43.4,6.65,3,false,0,62.6,55.4,3
S538,Aditya Das,aditya.das538@example.com,9876500538,EEE,3,54.7,4.63,4,false,0,63.4,21.1,2
S539,Priya Joshi,priya.joshi539@example.com,9876500539,EEE,6,69.0,8.07,2,false,0,80.9,58.5,2
S540,Kriti Nair,kriti.nair540@example.com,9876500540,IT,7,74.2,6.62,4,false,0,59.5,38.7,3
S541,Priya Singh,priya.singh541@example.com,9876500541,EEE,3,52.7,6.28,3,false,0,64.7,23.0,4
S542,Simran Mehta,simran.mehta542@example.com,9876500542,CE,5,55.6,8.37,0,false,0,57.8,47.6,4
S543,Aarav Singh,aarav.singh543@example.com,9876500543,CSE,5,42.8,7.71,1,false,0,80.5,22.5,0
S544,Isha Mehta,isha.mehta544@example.com,9876500544,ECE,8,84.7,4.94,4,false,0,50.7,29.7,3
S545,Rohan Singh,rohan.singh545@example.com,9876500545,ME,6,83.6,5.63,0,false,0,68.5,60.5,2
S546,Rahul Sharma,rahul.sharma546@example.com,9876500546,CE,7,44.4,7.66,0,true,5000,77.1,54.7,0
S547,Simran Patel,simran.patel547@example.com,9876500547,ME,3,92.5,5.36,3,true,5000,65.6,23.3,1
S548,Kriti Nair,kriti.nair548@example.com,9876500548,EEE,2,75.0,7.84,0,false,0,79.7,75.0,3
S549,Priya Nair,priya.nair549@example.com,9876500549,IT,8,73.7,6.16,0,false,0,52.5,79.8,4
S550,Rahul Nair,rahul.nair550@example.com,9876500550,CSE,2,94.0,4.63,0,true,20000,84.7,41.0,1
S551,Priya Patel,priya.patel551@example.com,9876500551,CE,6,53.2,7.55,0,false,0,52.6,76.3,4
S552,Kriti Kaur,kriti.kaur552@example.com,9876500552,CE,1,52.7,7.93,4,false,0,60.6,50.2,3
S553,Manav Kaur,manav.kaur553@example.com,9876500553,CSE,1,63.9,8.64,3,false,0,61.6,72.9,0
S554,Rohan Verma,rohan.verma554@example.com,9876500554,CSE,8,76.6,7.85,1,false,0,76.1,61.8,4
S555,Aditya Das,aditya.das555@example.com,9876500555,ECE,2,78.9,6.99,0,false,0,78.7,44.6,2
S556,Priya Rao,priya.rao556@example.com,9876500556,ECE,5,55.2,6.35,0,false,0,45.2,32.1,3
S557,Rahul Rao,rahul.rao557@example.com,9876500557,ME,3,55.0,5.84,0,false,0,71.0,57.1,1
S558,Sneha Kaur,sneha.kaur558@example.com,9876500558,ME,8,93.3,5.71,1,true,20000,55.6,75.7,2
S559,Aarav Patel,aarav.patel559@example.com,9876500559,ECE,8,89.0,4.6,1,false,0,52.5,67.6,0
S560,Rohan Sharma,rohan.sharma560@example.com,9876500560,IT,4,42.1,7.13,0,false,0,46.6,56.9,2
S561,Neeraj Joshi,neeraj.joshi561@example.com,9876500561,ME,7,66.9,7.01,0,true,5000,80.2,47.2,0
S562,Priya Kaur,priya.kaur562@example.com,9876500562,IT,2,87.3,6.25,0,true,5000,48.7,22.1,1
S563,Isha Joshi,isha.joshi563@example.com,9876500563,ME,5,47.2,6.98,3,true,15000,50.4,25.0,0
S564,Diya Rao,diya.rao564@example.com,9876500564,CE,4,79.8,6.45,1,false,0,69.7,45.9,3
S565,Neeraj Verma,neeraj.verma565@example.com,9876500565,IT,7,42.2,8.08,0,false,0,65.2,25.3,3
S566,Neeraj Mehta,neeraj.mehta566@example.com,9876500566,ME,3,86.4,5.12,0,false,0,41.8,78.4,3
S567,Rohan Joshi,rohan.joshi567@example.com,9876500567,IT,6,68.1,6.19,0,true,12000,70.6,58.5,2
S568,Diya Patel,diya.patel568@example.com,9876500568,CE,6,69.3,6.08,2,true,15000,56.2,75.3,2
S569,Rohan Nair,rohan.nair569@example.com,9876500569,EEE,3,71.7,5.58,2,false,0,46.4,21.7,4
S570,Manav Nair,manav.nair570@example.com,9876500570,ECE,6,64.2,4.68,0,false,0,48.8,72.2,3
S571,Simran Singh,simran.singh571@example.com,9876500571,CSE,5,57.2,8.35,2,false,0,52.2,77.9,3
S572,Aditya Singh,aditya.singh572@example.com,9876500572,ECE,4,62.7,7.05,0,true,20000,44.0,20.9,1
S573,Kriti Mehta,kriti.mehta573@example.com,9876500573,CSE,7,52.1,6.5,2,true,20000,60.5,21.1,2
S574,Rohan Patel,rohan.patel574@example.com,9876500574,IT,4,63.1,8.32,4,true,5000,62.5,72.5,4
S575,Diya Singh,diya.singh575@example.com,9876500575,CSE,3,75.5,9.1,0,true,12000,47.7,46.0,1
S576,Aditya Verma,aditya.verma576@example.com,9876500576,ME,7,67.2,8.7,1,false,0,54.2,67.4,4
S577,Rahul Verma,rahul.verma577@example.com,9876500577,CSE,7,84.5,5.25,2,false,0,78.2,22.0,0
S578,Neeraj Patel,neeraj.patel578@example.com,9876500578,CE,1,43.7,7.76,0,true,15000,75.0,74.5,4
S579,Sneha Mehta,sneha.mehta579@example.com,9876500579,ME,6,60.2,5.16,0,true,5000,46.2,29.7,3
S580,Rahul Mehta,rahul.mehta580@example.com,9876500580,EEE,8,54.4,6.76,1,false,0,51.5,62.8,3
S581,Sneha Nair,sneha.nair581@example.com,9876500581,CSE,5,40.9,6.71,1,true,8000,57.5,58.7,4
S582,Aarav Das,aarav.das582@example.com,9876500582,EEE,5,42.5,8.76,0,false,0,54.7,22.5,3
S583,Rohan Mehta,rohan.mehta583@example.com,9876500583,ME,3,61.3,5.4,1,true,8000,83.2,34.9,3
S584,Rohan Joshi,rohan.joshi584@example.com,9876500584,EEE,1,81.6,6.93,0,false,0,48.0,22.0,4
S585,Aarav Mehta,aarav.mehta585@example.com,9876500585,CE,4,71.7,5.77,0,true,5000,58.7,33.7,0
S586,Aarav Das,aarav.das586@example.com,9876500586,EEE,3,72.1,9.13,3,false,0,87.4,63.1,1
S587,Neeraj Mehta,neeraj.mehta587@example.com,9876500587,CSE,8,75.8,6.66,1,false,0,62.2,37.2,3
S588,Simran Das,simran.das588@example.com,9876500588,CSE,5,65.8,6.32,4,false,0,67.1,24.9,2
S589,Isha Singh,isha.singh589@example.com,9876500589,ME,4,81.5,7.8,2,false,0,49.9,34.4,1
S590,Neeraj Kaur,neeraj.kaur590@example.com,9876500590,ME,6,82.9,6.02,0,false,0,76.2,30.7,0
S591,Kriti Kaur,kriti.kaur591@example.com,9876500591,CSE,4,64.4,8.24,4,false,0,46.8,52.2,4
S592,Simran Joshi,simran.joshi592@example.com,9876500592,IT,2,87.9,5.38,3,false,0,54.1,78.2,2
S593,Rahul Patel,rahul.patel593@example.com,9876500593,IT,4,81.1,7.5,0,true,8000,45.2,78.5,1
S594,Neeraj Joshi,neeraj.joshi594@example.com,9876500594,CSE,8,48.4,8.0,3,false,0,89.5,30.9,4
S595,Neeraj Joshi,neeraj.joshi595@example.com,9876500595,CE,4,40.2,5.43,1,false,0,41.6,57.0,0
S596,Diya Joshi,diya.joshi596@example.com,9876500596,ME,4,56.7,5.63,0,false,0,86.8,34.0,4
S597,Sneha Das,sneha.das597@example.com,9876500597,CE,7,56.6,9.15,1,true,12000,60.0,75.9,4
S598,Manav Mehta,manav.mehta598@example.com,9876500598,ME,1,82.7,5.94,0,true,15000,56.5,23.8,1
S599,Sneha Sharma,sneha.sharma599@example.com,9876500599,IT,7,80.8,8.26,0,true,20000,61.3,57.9,4
S600,Aditya Rao,aditya.rao600@example.com,9876500600,ECE,1,62.9,9.27,2,true,8000,56.2,69.1,0
S601,Priya Mehta,priya.mehta601@example.com,9876500601,IT,1,49.0,8.45,4,false,0,41.0,62.2,2
S602,Neeraj Joshi,neeraj.joshi602@example.com,9876500602,CE,7,53.5,8.45,0,false,0,58.5,59.5,2
S603,Neeraj Sharma,neeraj.sharma603@example.com,9876500603,CE,8,68.6,5.02,2,false,0,74.9,37.2,0
S604,Aarav Kaur,aarav.kaur604@example.com,9876500604,IT,5,49.2,8.19,2,false,0,61.2,72.6,4
S605,Rohan Joshi,rohan.joshi605@example.com,9876500605,CSE,5,42.4,5.59,2,false,0,40.1,36.5,4
S606,Aditya Patel,aditya.patel606@example.com,9876500606,ME,7,55.1,7.25,0,true,12000,75.1,66.5,2
S607,Aditya Joshi,aditya.joshi607@example.com,9876500607,IT,4,69.9,6.91,3,false,0,54.2,27.1,2
S608,Aarav Nair,aarav.nair608@example.com,9876500608,CSE,3,40.0,8.67,0,true,12000,50.1,63.7,4
S609,Diya Joshi,diya.joshi609@example.com,9876500609,ME,3,86.6,8.27,0,false,0,60.2,59.6,1
S610,Priya Nair,priya.nair610@example.com,9876500610,EEE,5,67.0,5.31,0,true,12000,79.2,33.3,0
S611,Neeraj Rao,neeraj.rao611@example.com,9876500611,ECE,1,94.9,7.99,0,true,12000,68.6,62.0,1
S612,Rahul Joshi,rahul.joshi612@example.com,9876500612,ME,4,52.7,6.74,2,false,0,62.2,63.7,0
S613,Rahul Mehta,rahul.mehta613@example.com,9876500613,CE,8,58.9,8.92,4,false,0,58.3,44.1,4
S614,Aarav Kaur,aarav.kaur614@example.com,9876500614,CSE,1,46.8,9.0,0,true,12000,43.9,29.2,2
S615,Neeraj Singh,neeraj.singh615@example.com,9876500615,IT,6,72.5,5.95,0,true,8000,84.7,20.3,1
S616,Rohan Das,rohan.das616@example.com,9876500616,IT,3,86.9,9.36,3,true,15000,53.0,23.0,3
S617,Rohan Nair,rohan.nair617@example.com,9876500617,ECE,5,89.0,5.81,0,false,0,55.0,66.4,0
S618,Manav Kaur,manav.kaur618@example.com,9876500618,CE,1,59.6,9.25,1,true,8000,73.7,23.1,4
S619,Priya Rao,priya.rao619@example.com,9876500619,CE,1,92.4,9.11,0,false,0,86.1,50.2,1
S620,Manav Verma,manav.verma620@example.com,9876500620,CSE,2,73.0,5.79,0,false,0,71.3,59.5,4
S621,Diya Kaur,diya.kaur621@example.com,9876500621,ME,7,41.2,8.09,4,false,0,80.3,25.4,0
S622,Rohan Patel,rohan.patel622@example.com,9876500622,CE,8,77.9,7.2,2,true,20000,87.5,44.3,0
S623,Sneha Singh,sneha.singh623@example.com,9876500623,ECE,8,65.2,7.26,2,true,12000,48.3,55.7,2
S624,Manav Kaur,manav.kaur624@example.com,9876500624,EEE,4,74.2,7.0,0,true,8000,43.7,78.7,0
S625,Diya Kaur,diya.kaur625@example.com,9876500625,ME,8,66.1,5.23,0,false,0,72.2,44.6,4
S626,Diya Patel,diya.patel626@example.com,9876500626,CE,5,51.5,9.07,1,false,0,54.1,57.2,0
S627,Kriti Joshi,kriti.joshi627@example.com,9876500627,CE,7,71.0,9.32,3,true,15000,53.1,31.4,3
S628,Priya Das,priya.das628@example.com,9876500628,ECE,6,49.1,6.13,4,false,0,45.3,26.7,4
S629,Aarav Nair,aarav.nair629@example.com,9876500629,IT,7,84.4,8.92,4,false,0,69.6,73.6,0
S630,Aarav Joshi,aarav.joshi630@example.com,9876500630,CE,1,57.0,8.01,2,false,0,72.3,54.2,3
S631,Aarav Singh,aarav.singh631@example.com,9876500631,IT,8,61.5,4.95,0,false,0,43.7,30.5,4
S632,Rohan Kaur,rohan.kaur632@example.com,9876500632,EEE,5,61.5,8.43,0,false,0,74.7,29.0,4
S633,Rohan Verma,rohan.verma633@example.com,9876500633,IT,1,74.7,7.46,2,false,0,49.0,49.3,0
S634,Isha Sharma,isha.sharma634@example.com,9876500634,CE,7,63.4,7.44,4,true,5000,59.2,38.8,4
S635,Manav Verma,manav.verma635@example.com,9876500635,CSE,8,60.7,7.24,0,false,0,54.9,23.5,1
S636,Sneha Rao,sneha.rao636@example.com,9876500636,CE,1,88.0,6.32,0,false,0,49.4,49.7,1
S637,Aarav Singh,aarav.singh637@example.com,9876500637,CE,1,48.4,7.26,0,false,0,49.1,76.1,4
S638,Priya Rao,priya.rao638@example.com,9876500638,CSE,7,54.5,8.95,1,false,0,56.0,23.7,1
S639,Isha Joshi,isha.joshi639@example.com,9876500639,CE,5,43.4,5.62,1,true,20000,74.9,59.0,2
S640,Rahul Patel,rahul.patel640@example.com,9876500640,EEE,2,62.3,7.98,4,true,12000,46.0,61.6,4
S641,Simran Sharma,simran.sharma641@example.com,9876500641,EEE,4,48.2,8.2,0,true,5000,50.6,60.0,0
S642,Manav Nair,manav.nair642@example.com,9876500642,ECE,3,42.3,4.5,4,false,0,82.5,74.3,3
S643,Priya Sharma,priya.sharma643@example.com,9876500643,IT,1,83.6,6.73,1,false,0,53.5,50.7,1
S644,Aarav Das,aarav.das644@example.com,9876500644,CE,2,86.9,6.47,0,true,15000,47.7,21.6,1
S645,Simran Joshi,simran.joshi645@example.com,9876500645,CSE,7,44.4,5.89,0,true,12000,44.8,35.1,4
S646,Diya Sharma,diya.sharma646@example.com,9876500646,CE,7,92.9,4.53,2,true,8000,67.7,68.9,2
S647,Isha Rao,isha.rao647@example.com,9876500647,ME,2,57.5,5.85,1,false,0,55.5,69.4,2
S648,Kriti Rao,kriti.rao648@example.com,9876500648,CSE,1,80.0,6.75,4,true,8000,81.2,65.2,1
S649,Kriti Kaur,kriti.kaur649@example.com,9876500649,ME,2,66.7,6.35,0,true,15000,66.8,45.9,0
S650,Sneha Nair,sneha.nair650@example.com,9876500650,CE,1,74.8,6.95,1,false,0,49.8,41.4,2
S651,Isha Singh,isha.singh651@example.com,9876500651,ME,5,92.4,9.48,0,false,0,56.3,31.9,3
S652,Aditya Nair,aditya.nair652@example.com,9876500652,EEE,8,47.3,8.05,0,false,0,74.3,63.1,2
S653,Manav Sharma,manav.sharma653@example.com,9876500653,ME,4,83.3,7.18,0,false,0,71.2,28.3,4
S654,Kriti Sharma,kriti.sharma654@example.com,9876500654,ECE,3,46.6,4.9,4,true,20000,65.1,67.4,2
S655,Neeraj Nair,neeraj.nair655@example.com,9876500655,EEE,8,94.1,6.46,0,false,0,40.7,76.6,0
S656,Priya Sharma,priya.sharma656@example.com,9876500656,CE,6,65.8,6.34,1,false,0,46.5,44.4,0
S657,Manav Rao,manav.rao657@example.com,9876500657,EEE,1,56.5,5.0,4,false,0,48.4,28.0,4
S658,Sneha Sharma,sneha.sharma658@example.com,9876500658,ME,7,50.0,8.71,4,true,12000,47.5,40.2,4
S659,Sneha Joshi,sneha.joshi659@example.com,9876500659,CE,2,40.0,4.76,1,false,0,73.9,73.6,2
S660,Sneha Sharma,sneha.sharma660@example.com,9876500660,IT,3,82.3,6.07,0,false,0,79.9,34.2,3
S661,Aditya Das,aditya.das661@example.com,9876500661,EEE,7,53.5,6.37,0,false,0,52.4,44.5,4
S662,Manav Kaur,manav.kaur662@example.com,9876500662,EEE,5,58.8,8.9,0,false,0,87.0,29.7,1
S663,Isha Patel,isha.patel663@example.com,9876500663,ME,3,73.7,8.38,1,true,20000,45.8,46.1,0
S664,Isha Mehta,isha.mehta664@example.com,9876500664,CE,5,73.0,7.0,3,true,5000,75.6,28.1,3
S665,Diya Rao,diya.rao665@example.com,9876500665,CSE,8,66.6,5.54,0,false,0,49.9,73.5,4
S666,Sneha Rao,sneha.rao666@example.com,9876500666,CE,6,62.4,5.61,2,false,0,60.6,61.5,0
S667,Rahul Nair,rahul.nair667@example.com,9876500667,EEE,7,61.8,6.22,1,false,0,85.4,57.7,4
S668,Kriti Singh,kriti.singh668@example.com,9876500668,IT,1,88.6,7.97,4,false,0,83.5,23.7,1
S669,Kriti Rao,kriti.rao669@example.com,9876500669,CSE,2,56.2,6.07,3,false,0,58.7,64.2,3
S670,Rohan Das,rohan.das670@example.com,9876500670,CE,5,70.3,5.76,2,false,0,78.8,47.9,1
S671,Manav Verma,manav.verma671@example.com,9876500671,CSE,8,56.8,5.45,2,false,0,87.0,49.8,4
S672,Rohan Nair,rohan.nair672@example.com,9876500672,IT,8,93.4,6.74,0,true,8000,78.0,65.7,2
S673,Rahul Sharma,rahul.sharma673@example.com,9876500673,CE,2,92.2,8.33,2,true,20000,44.9,75.8,0
S674,Diya Sharma,diya.sharma674@example.com,9876500674,ME,5,88.3,4.89,0,false,0,70.6,71.9,0
S675,Priya Mehta,priya.mehta675@example.com,9876500675,EEE,3,55.0,7.65,0,false,0,62.9,78.4,4
S676,Diya Mehta,diya.mehta676@example.com,9876500676,CE,4,66.7,4.51,0,true,12000,86.4,56.4,2
S677,Sneha Sharma,sneha.sharma677@example.com,9876500677,ME,8,48.3,9.4,3,true,12000,54.4,71.5,1
S678,Simran Singh,simran.singh678@example.com,9876500678,CE,5,68.7,8.69,3,false,0,54.0,65.4,1
S679,Isha Mehta,isha.mehta679@example.com,9876500679,ECE,1,87.1,5.22,4,false,0,83.7,24.3,3
S680,Rahul Sharma,rahul.sharma680@example.com,9876500680,IT,1,41.4,5.92,3,false,0,55.3,50.8,0
S681,Rahul Mehta,rahul.mehta681@example.com,9876500681,CE,3,89.9,7.21,2,true,5000,61.9,56.9,2
S682,Aditya Mehta,aditya.mehta682@example.com,9876500682,CSE,8,85.5,7.7,4,false,0,53.5,53.7,2
S683,Simran Kaur,simran.kaur683@example.com,9876500683,CSE,8,77.5,8.7,0,false,0,87.2,37.0,0
S684,Manav Joshi,manav.joshi684@example.com,9876500684,CE,7,77.5,7.49,4,false,0,73.4,23.8,1
S685,Aarav Das,aarav.das685@example.com,9876500685,EEE,6,61.9,8.81,0,true,20000,48.5,45.1,2
S686,Aditya Nair,aditya.nair686@example.com,9876500686,ECE,1,69.3,6.68,0,false,0,77.6,23.9,4
S687,Isha Verma,isha.verma687@example.com,9876500687,CE,2,80.4,8.76,3,false,0,86.0,22.1,2
S688,Rahul Sharma,rahul.sharma688@example.com,9876500688,IT,5,61.2,5.49,4,false,0,86.0,49.5,1
S689,Isha Mehta,isha.mehta689@example.com,9876500689,CSE,5,83.1,7.26,0,true,15000,79.1,50.8,0
S690,Isha Mehta,isha.mehta690@example.com,9876500690,CSE,2,52.2,5.16,2,true,5000,69.4,24.3,1
S691,Diya Das,diya.das691@example.com,9876500691,CSE,1,82.7,5.77,2,false,0,70.8,77.1,3
S692,Priya Nair,priya.nair692@example.com,9876500692,CE,4,64.6,8.83,2,true,8000,74.0,71.6,0
S693,Rahul Nair,rahul.nair693@example.com,9876500693,ECE,4,94.9,9.07,0,false,0,76.2,77.6,1
S694,Aarav Patel,aarav.patel694@example.com,9876500694,EEE,2,65.3,7.59,0,false,0,88.1,22.9,0
S695,Manav Nair,manav.nair695@example.com,9876500695,EEE,2,63.4,9.06,4,true,20000,78.5,71.0,4
S696,Diya Rao,diya.rao696@example.com,9876500696,ECE,4,66.8,5.23,1,false,0,42.9,44.7,2
S697,Aditya Patel,aditya.patel697@example.com,9876500697,ECE,4,44.6,8.11,0,false,0,68.0,38.0,3
S698,Neeraj Nair,neeraj.nair698@example.com,9876500698,EEE,5,80.2,9.39,0,false,0,51.0,39.8,0
S699,Kriti Verma,kriti.verma699@example.com,9876500699,EEE,6,45.4,6.44,3,true,20000,87.9,21.2,3
S700,Rohan Das,rohan.das700@example.com,9876500700,ME,3,57.2,8.41,2,true,5000,54.3,64.2,4
S701,Diya Kaur,diya.kaur701@example.com,9876500701,ME,8,62.6,9.01,0,true,12000,56.9,25.4,4
S702,Manav Rao,manav.rao702@example.com,9876500702,ME,3,70.3,6.98,0,true,5000,66.0,74.8,3
S703,Kriti Das,kriti.das703@example.com,9876500703,ECE,7,49.8,5.39,3,true,5000,54.1,36.7,3
S704,Kriti Patel,kriti.patel704@example.com,9876500704,ECE,2,51.2,9.2,3,true,5000,67.3,36.6,3
S705,Aarav Kaur,aarav.kaur705@example.com,9876500705,CSE,7,88.7,6.88,2,false,0,86.3,74.2,2
S706,Priya Singh,priya.singh706@example.com,9876500706,ME,1,43.6,7.32,0,false,0,88.4,75.5,0
S707,Rahul Verma,rahul.verma707@example.com,9876500707,EEE,5,48.2,7.84,0,true,8000,49.2,47.1,0
S708,Rohan Das,rohan.das708@example.com,9876500708,CSE,7,87.2,8.9,3,false,0,48.2,77.8,1
S709,Rahul Singh,rahul.singh709@example.com,9876500709,ME,4,80.4,8.05,3,false,0,72.5,30.1,2
S710,Simran Sharma,simran.sharma710@example.com,9876500710,ECE,8,46.5,8.43,2,false,0,61.9,52.5,3
S711,Isha Singh,isha.singh711@example.com,9876500711,CE,8,72.7,4.9,0,true,5000,46.2,42.3,0
S712,Manav Nair,manav.nair712@example.com,9876500712,ECE,3,51.0,6.35,0,false,0,87.0,47.2,3
S713,Sneha Joshi,sneha.joshi713@example.com,9876500713,ME,4,54.3,6.9,4,true,8000,79.5,61.5,3
S714,Manav Joshi,manav.joshi714@example.com,9876500714,EEE,3,81.8,8.84,0,false,0,67.4,38.6,0
S715,Manav Mehta,manav.mehta715@example.com,9876500715,CSE,3,85.9,5.08,2,false,0,40.2,51.7,0
S716,Rahul Sharma,rahul.sharma716@example.com,9876500716,CE,7,83.9,7.96,4,false,0,68.3,39.8,3
S717,Manav Das,manav.das717@example.com,9876500717,CSE,3,44.4,6.46,2,false,0,43.7,40.1,3
S718,Sneha Nair,sneha.nair718@example.com,9876500718,CE,5,69.6,9.45,0,false,0,73.4,57.3,1
S719,Priya Sharma,priya.sharma719@example.com,9876500719,CE,1,64.4,6.66,0,true,20000,85.1,56.5,4
S720,Aarav Rao,aarav.rao720@example.com,9876500720,CSE,2,42.2,9.02,0,true,5000,77.6,49.3,0
S721,Simran Verma,simran.verma721@example.com,9876500721,CSE,8,59.7,4.96,4,false,0,72.1,42.6,4
S722,Rohan Nair,rohan.nair722@example.com,9876500722,ME,4,76.7,9.17,3,false,0,40.8,64.7,0
S723,Isha Joshi,isha.joshi723@example.com,9876500723,ME,8,85.2,9.35,1,true,8000,62.1,41.1,0
S724,Kriti Patel,kriti.patel724@example.com,9876500724,EEE,7,58.7,9.0,0,true,8000,87.5,78.9,2
S725,Isha Nair,isha.nair725@example.com,9876500725,CSE,6,62.5,9.07,2,false,0,75.0,49.6,0
S726,Manav Rao,manav.rao726@example.com,9876500726,ECE,6,42.4,8.34,2,true,20000,52.9,62.4,4
S727,Priya Nair,priya.nair727@example.com,9876500727,ECE,5,76.6,8.05,4,true,8000,54.8,35.8,4
S728,Aditya Verma,aditya.verma728@example.com,9876500728,ECE,6,54.1,4.86,0,false,0,71.3,29.7,2
S729,Simran Nair,simran.nair729@example.com,9876500729,ECE,8,70.0,6.8,0,false,0,53.8,69.9,3
S730,Rohan Das,rohan.das730@example.com,9876500730,IT,6,65.0,7.94,0,false,0,74.8,59.2,3
S731,Isha Kaur,isha.kaur731@example.com,9876500731,EEE,3,58.2,7.16,2,true,15000,86.5,32.1,2
S732,Kriti Sharma,kriti.sharma732@example.com,9876500732,ECE,7,73.9,5.42,2,true,20000,70.2,63.0,4
S733,Neeraj Rao,neeraj.rao733@example.com,9876500733,CSE,7,43.3,8.82,0,false,0,58.8,58.3,0
S734,Isha Singh,isha.singh734@example.com,9876500734,ECE,1,56.2,4.52,0,false,0,69.1,62.5,4
S735,Rahul Verma,rahul.verma735@example.com,9876500735,ME,2,48.5,8.95,4,true,20000,79.0,47.5,0
S736,Simran Mehta,simran.mehta736@example.com,9876500736,CSE,1,83.1,7.46,1,true,15000,51.2,37.3,0
S737,Manav Rao,manav.rao737@example.com,9876500737,CE,1,68.1,8.82,0,true,5000,64.3,78.4,2
S738,Neeraj Kaur,neeraj.kaur738@example.com,9876500738,CE,1,48.7,7.96,0,true,12000,40.6,39.6,0
S739,Rahul Kaur,rahul.kaur739@example.com,9876500739,CSE,4,70.4,6.28,0,true,8000,64.9,59.3,0
S740,Isha Verma,isha.verma740@example.com,9876500740,CSE,3,41.3,7.98,0,true,20000,75.2,64.7,4
S741,Rohan Sharma,rohan.sharma741@example.com,9876500741,ECE,2,88.8,6.29,0,false,0,69.2,59.3,1
S742,Aditya Singh,aditya.singh742@example.com,9876500742,ECE,2,54.1,7.62,1,false,0,54.2,76.0,0
S743,Kriti Joshi,kriti.joshi743@example.com,9876500743,CE,5,73.8,6.54,0,false,0,71.2,74.5,2
S744,Neeraj Joshi,neeraj.joshi744@example.com,9876500744,IT,1,44.6,5.59,0,false,0,73.6,67.6,1
S745,Rahul Patel,rahul.patel745@example.com,9876500745,IT,8,52.7,5.76,0,false,0,64.9,45.5,3
S746,Diya Patel,diya.patel746@example.com,9876500746,IT,7,72.3,8.0,4,false,0,42.0,33.3,4
S747,Rahul Kaur,rahul.kaur747@example.com,9876500747,EEE,5,44.2,4.73,3,false,0,40.9,62.5,4
S748,Aarav Verma,aarav.verma748@example.com,9876500748,ECE,3,41.1,7.17,0,false,0,76.6,26.7,2
S749,Simran Singh,simran.singh749@example.com,9876500749,ECE,4,50.3,8.34,0,false,0,69.6,62.9,4
S750,Rahul Joshi,rahul.joshi750@example.com,9876500750,IT,2,87.6,8.82,2,false,0,56.2,67.7,4
S751,Rohan Verma,rohan.verma751@example.com,9876500751,CSE,2,49.5,6.71,4,false,0,82.9,57.4,4
S752,Priya Patel,priya.patel752@example.com,9876500752,IT,1,44.1,6.24,1,true,12000,60.8,31.3,4
S753,Kriti Mehta,kriti.mehta753@example.com,9876500753,CE,1,65.8,9.05,1,false,0,77.8,48.6,2
S754,Sneha Rao,sneha.rao754@example.com,9876500754,IT,5,73.5,7.01,3,true,15000,48.1,50.3,1
S755,Aditya Sharma,aditya.sharma755@example.com,9876500755,EEE,4,47.9,5.86,3,false,0,79.2,51.0,2
S756,Rohan Nair,rohan.nair756@example.com,9876500756,EEE,8,51.0,8.07,0,false,0,58.3,23.6,4
S757,Rahul Sharma,rahul.sharma757@example.com,9876500757,IT,8,41.7,9.46,0,false,0,70.0,76.1,0
S758,Neeraj Nair,neeraj.nair758@example.com,9876500758,IT,1,93.0,9.39,1,false,0,49.6,27.5,1
S759,Sneha Das,sneha.das759@example.com,9876500759,CE,1,52.2,7.72,2,false,0,55.1,20.8,0
S760,Sneha Nair,sneha.nair760@example.com,9876500760,CSE,1,89.7,5.8,2,false,0,69.5,32.9,0
S761,Kriti Rao,kriti.rao761@example.com,9876500761,EEE,2,60.1,6.41,4,false,0,77.9,39.7,1
S762,Manav Rao,manav.rao762@example.com,9876500762,CSE,4,84.5,8.79,3,false,0,80.5,38.8,1
S763,Isha Sharma,isha.sharma763@example.com,9876500763,CSE,6,79.8,8.88,0,false,0,77.0,56.1,2
S764,Rohan Sharma,rohan.sharma764@example.com,9876500764,ME,4,88.9,8.33,1,false,0,77.5,63.2,0
S765,Sneha Verma,sneha.verma765@example.com,9876500765,ECE,2,69.7,5.87,0,false,0,42.5,20.6,0
S766,Kriti Rao,kriti.rao766@example.com,9876500766,IT,2,57.2,8.59,0,false,0,76.9,34.2,3
S767,Priya Verma,priya.verma767@example.com,9876500767,ECE,7,49.0,8.4,3,false,0,56.5,70.8,1
S768,Isha Nair,isha.nair768@example.com,9876500768,IT,3,47.4,8.91,1,true,8000,80.8,58.4,2
S769,Kriti Kaur,kriti.kaur769@example.com,9876500769,ECE,1,44.2,8.93,0,false,0,55.7,64.0,3
S770,Sneha Nair,sneha.nair770@example.com,9876500770,ECE,4,41.9,4.65,0,true,8000,87.5,51.7,1
S771,Aditya Singh,aditya.singh771@example.com,9876500771,EEE,1,45.4,4.96,0,true,8000,55.7,37.7,4
S772,Aarav Sharma,aarav.sharma772@example.com,9876500772,ECE,6,44.1,8.21,0,true,15000,54.6,36.8,1
S773,Neeraj Nair,neeraj.nair773@example.com,9876500773,ECE,5,42.5,8.17,0,true,15000,65.0,58.0,2
S774,Manav Rao,manav.rao774@example.com,9876500774,EEE,8,85.3,7.02,2,true,12000,51.5,30.1,1
S775,Sneha Kaur,sneha.kaur775@example.com,9876500775,ECE,8,40.4,4.68,0,false,0,40.3,59.3,0
S776,Isha Kaur,isha.kaur776@example.com,9876500776,CSE,4,51.8,8.93,3,false,0,77.9,31.3,1
S777,Neeraj Joshi,neeraj.joshi777@example.com,9876500777,ECE,6,78.4,6.76,4,false,0,56.4,23.8,4
S778,Manav Singh,manav.singh778@example.com,9876500778,ECE,1,56.8,8.51,4,true,5000,76.8,63.9,4
S779,Rahul Singh,rahul.singh779@example.com,9876500779,IT,1,43.9,8.43,0,false,0,59.7,67.8,1
S780,Simran Verma,simran.verma780@example.com,9876500780,ME,6,49.5,6.8,0,false,0,65.0,29.5,3
S781,Rahul Singh,rahul.singh781@example.com,9876500781,ECE,5,53.3,8.91,3,false,0,51.6,69.0,1
S782,Aarav Singh,aarav.singh782@example.com,9876500782,ME,7,94.2,5.95,0,false,0,52.4,35.1,1
S783,Sneha Rao,sneha.rao783@example.com,9876500783,CSE,1,71.3,5.8,1,false,0,67.5,45.4,4
S784,Neeraj Rao,neeraj.rao784@example.com,9876500784,IT,5,44.2,5.06,0,false,0,68.9,36.6,3
S785,Isha Patel,isha.patel785@example.com,9876500785,ME,2,56.5,4.55,4,true,15000,41.5,62.5,3
S786,Kriti Verma,kriti.verma786@example.com,9876500786,EEE,8,55.7,9.01,0,true,15000,87.2,48.2,2
S787,Priya Kaur,priya.kaur787@example.com,9876500787,CE,2,90.8,9.42,0,false,0,52.6,38.4,2
S788,Sneha Rao,sneha.rao788@example.com,9876500788,ME,5,59.7,7.63,0,true,20000,82.7,50.2,0
S789,Manav Sharma,manav.sharma789@example.com,9876500789,CE,5,82.5,5.58,1,true,12000,49.4,39.6,1
S790,Rohan Nair,rohan.nair790@example.com,9876500790,CE,4,65.3,5.56,3,false,0,69.8,35.2,4
S791,Sneha Singh,sneha.singh791@example.com,9876500791,CSE,5,46.9,6.34,0,false,0,41.0,38.7,1
S792,Kriti Rao,kriti.rao792@example.com,9876500792,CSE,6,57.6,7.05,0,false,0,80.5,69.0,4
S793,Sneha Rao,sneha.rao793@example.com,9876500793,EEE,8,49.1,4.62,0,false,0,51.0,32.2,4
S794,Rahul Sharma,rahul.sharma794@example.com,9876500794,EEE,4,86.7,8.96,4,false,0,51.3,24.9,4
S795,Aarav Singh,aarav.singh795@example.com,9876500795,IT,8,87.7,8.1,0,false,0,58.7,48.7,1
S796,Rahul Mehta,rahul.mehta796@example.com,9876500796,CSE,6,57.0,6.62,0,true,12000,62.4,72.4,4
S797,Manav Nair,manav.nair797@example.com,9876500797,ECE,1,83.4,7.72,2,false,0,58.2,67.6,3
S798,Diya Kaur,diya.kaur798@example.com,9876500798,EEE,3,56.4,8.51,3,true,12000,77.4,35.8,0
S799,Rahul Das,rahul.das799@example.com,9876500799,CE,2,75.1,7.52,0,true,5000,75.3,60.9,4
S800,Isha Verma,isha.verma800@example.com,9876500800,CE,8,44.8,6.03,0,true,12000,63.7,69.0,3
S801,Neeraj Sharma,neeraj.sharma801@example.com,9876500801,ECE,3,50.0,7.37,0,false,0,70.0,54.2,1
S802,Neeraj Verma,neeraj.verma802@example.com,9876500802,ECE,1,81.0,6.75,2,false,0,66.6,34.5,1
S803,Sneha Verma,sneha.verma803@example.com,9876500803,ME,8,57.5,7.3,4,false,0,48.1,56.3,3
S804,Priya Joshi,priya.joshi804@example.com,9876500804,ECE,7,92.0,5.84,0,false,0,47.2,34.1,1
S805,Rahul Kaur,rahul.kaur805@example.com,9876500805,CE,6,77.6,7.74,0,true,12000,79.1,64.3,4
S806,Rohan Rao,rohan.rao806@example.com,9876500806,EEE,8,49.4,7.03,0,false,0,60.6,42.3,0
S807,Manav Mehta,manav.mehta807@example.com,9876500807,EEE,2,78.3,5.7,1,false,0,82.3,27.8,4
S808,Neeraj Joshi,neeraj.joshi808@example.com,9876500808,CSE,3,86.0,6.51,3,false,0,47.9,37.7,4
S809,Aditya Das,aditya.das809@example.com,9876500809,ECE,6,61.1,7.8,4,false,0,85.6,58.5,2
S810,Rahul Kaur,rahul.kaur810@example.com,9876500810,ECE,7,80.4,4.71,4,true,12000,80.1,61.9,2
S811,Rahul Rao,rahul.rao811@example.com,9876500811,CSE,3,48.1,7.29,3,false,0,53.0,22.1,2
S812,Aarav Kaur,aarav.kaur812@example.com,9876500812,IT,3,41.4,8.29,3,false,0,70.3,47.8,4
S813,Diya Verma,diya.verma813@example.com,9876500813,ECE,1,63.8,8.92,0,true,12000,52.1,20.5,0
S814,Diya Singh,diya.singh814@example.com,9876500814,EEE,4,84.0,5.93,2,true,12000,60.8,63.5,3
S815,Rahul Nair,rahul.nair815@example.com,9876500815,IT,6,61.2,7.67,0,true,5000,57.3,42.2,4
S816,Neeraj Mehta,neeraj.mehta816@example.com,9876500816,ECE,4,80.3,8.71,0,true,20000,81.8,77.7,4
S817,Aarav Das,aarav.das817@example.com,9876500817,EEE,4,80.4,8.28,2,false,0,58.5,25.8,1
S818,Diya Sharma,diya.sharma818@example.com,9876500818,EEE,2,46.5,6.08,2,true,8000,86.5,68.2,3
S819,Kriti Patel,kriti.patel819@example.com,9876500819,ECE,5,61.2,8.17,4,true,8000,89.3,33.6,1
S820,Simran Singh,simran.singh820@example.com,9876500820,CE,8,53.5,7.84,1,false,0,43.4,74.8,3
S821,Manav Patel,manav.patel821@example.com,9876500821,EEE,1,51.6,7.12,0,false,0,76.2,23.1,1
S822,Rohan Joshi,rohan.joshi822@example.com,9876500822,ME,6,56.0,6.73,0,false,0,63.5,40.9,3
S823,Rohan Verma,rohan.verma823@example.com,9876500823,IT,4,60.4,8.14,2,false,0,76.1,31.6,3
S824,Neeraj Mehta,neeraj.mehta824@example.com,9876500824,EEE,8,62.4,8.05,4,false,0,45.2,39.7,1
S825,Rahul Verma,rahul.verma825@example.com,9876500825,ECE,8,75.5,6.2,0,false,0,75.1,50.9,3
S826,Neeraj Nair,neeraj.nair826@example.com,9876500826,ME,7,72.0,4.72,0,false,0,89.6,56.4,3
S827,Rohan Das,rohan.das827@example.com,9876500827,CSE,3,56.1,8.52,4,false,0,56.4,53.1,4
S828,Isha Das,isha.das828@example.com,9876500828,IT,5,82.9,5.15,4,false,0,42.7,24.2,1
S829,Aditya Das,aditya.das829@example.com,9876500829,ME,4,75.4,5.07,3,false,0,74.5,24.8,0
S830,Sneha Nair,sneha.nair830@example.com,9876500830,EEE,4,66.1,8.43,0,true,12000,45.8,69.4,1
S831,Rahul Sharma,rahul.sharma831@example.com,9876500831,CSE,5,59.6,7.54,4,false,0,79.7,46.6,4
S832,Neeraj Nair,neeraj.nair832@example.com,9876500832,CSE,8,72.0,8.82,1,false,0,53.0,21.8,0
S833,Aditya Kaur,aditya.kaur833@example.com,9876500833,IT,1,77.6,9.3,4,false,0,69.6,44.1,0
S834,Diya Patel,diya.patel834@example.com,9876500834,CSE,5,81.3,4.89,0,false,0,53.2,40.5,2
S835,Rahul Verma,rahul.verma835@example.com,9876500835,IT,3,83.1,7.27,2,true,15000,77.7,20.6,2
S836,Manav Das,manav.das836@example.com,9876500836,ME,3,83.8,8.07,0,true,20000,67.6,56.8,3
S837,Kriti Rao,kriti.rao837@example.com,9876500837,ME,2,87.9,5.31,0,true,20000,58.8,74.3,1
S838,Isha Nair,isha.nair838@example.com,9876500838,EEE,1,69.8,7.11,0,false,0,60.5,24.8,3
S839,Manav Singh,manav.singh839@example.com,9876500839,ECE,1,42.9,8.03,4,false,0,57.1,33.7,3
S840,Isha Patel,isha.patel840@example.com,9876500840,CE,5,44.4,4.78,4,false,0,81.1,21.6,4
S841,Neeraj Mehta,neeraj.mehta841@example.com,9876500841,CSE,7,94.2,5.65,1,true,20000,51.6,57.1,4
S842,Simran Joshi,simran.joshi842@example.com,9876500842,CSE,4,81.0,6.76,0,false,0,58.8,28.6,4
S843,Simran Nair,simran.nair843@example.com,9876500843,ME,8,66.3,7.96,1,false,0,67.1,48.4,4
S844,Sneha Kaur,sneha.kaur844@example.com,9876500844,CSE,6,94.3,5.31,0,false,0,84.1,75.2,0
S845,Aarav Joshi,aarav.joshi845@example.com,9876500845,ECE,3,59.3,5.52,2,false,0,52.7,66.4,0
S846,Simran Mehta,simran.mehta846@example.com,9876500846,IT,7,82.4,7.79,0,false,0,81.7,66.9,3
S847,Priya Das,priya.das847@example.com,9876500847,ECE,3,85.8,4.84,2,false,0,74.7,61.7,3
S848,Kriti Kaur,kriti.kaur848@example.com,9876500848,EEE,4,62.0,8.96,2,true,12000,73.4,30.4,2
S849,Manav Mehta,manav.mehta849@example.com,9876500849,ECE,4,60.3,4.66,2,false,0,88.4,30.6,4
S850,Simran Mehta,simran.mehta850@example.com,9876500850,CE,7,77.2,5.27,1,true,15000,50.7,70.2,1
S851,Aditya Nair,aditya.nair851@example.com,9876500851,CSE,6,70.1,8.79,3,false,0,59.0,22.8,4
S852,Rohan Patel,rohan.patel852@example.com,9876500852,ME,6,44.2,6.53,3,false,0,51.2,26.4,4
S853,Isha Mehta,isha.mehta853@example.com,9876500853,ME,7,48.6,5.26,0,false,0,81.9,38.5,2
S854,Aditya Verma,aditya.verma854@example.com,9876500854,IT,6,49.3,8.33,1,true,12000,43.7,49.6,2
S855,Priya Mehta,priya.mehta855@example.com,9876500855,IT,6,65.5,4.66,3,true,12000,80.9,71.8,4
S856,Rahul Patel,rahul.patel856@example.com,9876500856,ECE,8,58.7,9.34,3,false,0,50.6,76.2,1
S857,Neeraj Das,neeraj.das857@example.com,9876500857,IT,4,83.1,8.43,0,false,0,75.6,34.3,0
S858,Rohan Nair,rohan.nair858@example.com,9876500858,CE,3,79.0,8.85,3,false,0,66.1,20.6,3
S859,Simran Patel,simran.patel859@example.com,9876500859,ECE,2,43.4,5.56,3,false,0,60.9,60.9,2
S860,Rohan Sharma,rohan.sharma860@example.com,9876500860,CSE,2,56.0,5.54,1,true,20000,73.1,26.3,0
S861,Kriti Mehta,kriti.mehta861@example.com,9876500861,IT,1,65.3,7.3,0,false,0,65.3,79.1,1
S862,Kriti Patel,kriti.patel862@example.com,9876500862,CSE,8,64.2,8.06,0,false,0,64.9,50.8,4
S863,Diya Joshi,diya.joshi863@example.com,9876500863,CSE,4,77.6,8.21,0,false,0,73.2,77.0,3
S864,Rohan Nair,rohan.nair864@example.com,9876500864,CSE,6,83.7,7.85,1,true,12000,45.7,48.6,2
S865,Priya Das,priya.das865@example.com,9876500865,ME,8,57.3,6.47,2,false,0,71.4,47.7,4
S866,Diya Nair,diya.nair866@example.com,9876500866,CE,8,57.1,7.88,4,false,0,44.8,58.6,1
S867,Isha Joshi,isha.joshi867@example.com,9876500867,CE,4,67.0,6.77,0,false,0,68.6,75.7,3
S868,Isha Verma,isha.verma868@example.com,9876500868,ECE,4,85.5,8.87,3,false,0,52.7,47.7,4
S869,Sneha Singh,sneha.singh869@example.com,9876500869,EEE,4,67.7,9.1,0,false,0,62.0,28.4,4
S870,Rohan Sharma,rohan.sharma870@example.com,9876500870,CE,6,89.9,7.43,1,false,0,61.8,71.9,1
S871,Simran Patel,simran.patel871@example.com,9876500871,CSE,2,72.8,7.34,0,true,8000,51.3,25.6,2
S872,Sneha Patel,sneha.patel872@example.com,9876500872,EEE,2,71.3,7.65,2,false,0,77.2,55.2,1
S873,Simran Patel,simran.patel873@example.com,9876500873,EEE,1,94.0,5.4,0,true,5000,44.3,22.0,4
S874,Manav Rao,manav.rao874@example.com,9876500874,ME,8,92.5,6.82,3,false,0,51.8,22.3,1
S875,Isha Nair,isha.nair875@example.com,9876500875,IT,7,89.8,4.92,0,false,0,85.8,30.0,3
S876,Diya Singh,diya.singh876@example.com,9876500876,IT,8,91.4,8.85,3,false,0,84.1,50.3,0
S877,Kriti Das,kriti.das877@example.com,9876500877,CSE,2,92.9,7.56,0,true,20000,77.4,54.2,0
S878,Sneha Verma,sneha.verma878@example.com,9876500878,CSE,8,88.3,4.58,2,true,8000,43.5,39.5,0
S879,Priya Joshi,priya.joshi879@example.com,9876500879,IT,1,75.7,5.75,3,false,0,43.9,31.4,0
S880,Rohan Nair,rohan.nair880@example.com,9876500880,CSE,8,58.8,8.18,1,true,15000,48.3,57.0,2
S881,Aarav Kaur,aarav.kaur881@example.com,9876500881,CE,7,62.8,5.51,0,false,0,48.4,68.8,1
S882,Manav Das,manav.das882@example.com,9876500882,IT,4,61.7,6.79,0,true,20000,57.5,21.2,4
S883,Neeraj Singh,neeraj.singh883@example.com,9876500883,CE,1,85.2,6.21,4,true,15000,42.3,26.5,1
S884,Priya Joshi,priya.joshi884@example.com,9876500884,CSE,4,79.5,9.09,2,false,0,71.2,37.7,3
S885,Sneha Rao,sneha.rao885@example.com,9876500885,ECE,5,91.5,6.88,0,false,0,88.5,41.1,0
S886,Sneha Patel,sneha.patel886@example.com,9876500886,ME,7,47.2,6.08,1,false,0,74.6,37.3,4
S887,Rohan Patel,rohan.patel887@example.com,9876500887,ECE,5,65.0,7.08,1,false,0,79.3,69.7,0
S888,Priya Singh,priya.singh888@example.com,9876500888,CE,2,77.1,7.76,4,false,0,89.4,20.4,4
S889,Aarav Patel,aarav.patel889@example.com,9876500889,EEE,7,73.6,5.58,0,false,0,57.4,56.6,3
S890,Kriti Joshi,kriti.joshi890@example.com,9876500890,CSE,2,42.6,5.87,4,false,0,65.0,50.1,3
S891,Aditya Mehta,aditya.mehta891@example.com,9876500891,CE,2,85.1,5.98,0,true,20000,42.5,72.5,2
S892,Simran Rao,simran.rao892@example.com,9876500892,CE,3,92.6,6.31,3,false,0,60.1,77.5,0
S893,Priya Singh,priya.singh893@example.com,9876500893,EEE,3,62.2,7.13,2,false,0,48.7,32.8,4
S894,Neeraj Mehta,neeraj.mehta894@example.com,9876500894,CSE,4,94.1,4.75,0,false,0,66.1,77.0,1
S895,Isha Rao,isha.rao895@example.com,9876500895,IT,7,88.0,7.42,0,false,0,83.1,25.8,2
S896,Manav Joshi,manav.joshi896@example.com,9876500896,IT,5,86.7,8.42,0,false,0,79.8,57.3,2
S897,Diya Verma,diya.verma897@example.com,9876500897,CE,3,49.0,8.17,2,false,0,57.9,67.6,0
S898,Sneha Singh,sneha.singh898@example.com,9876500898,ECE,2,80.3,5.31,2,false,0,56.9,31.1,4
S899,Sneha Patel,sneha.patel899@example.com,9876500899,CE,5,94.5,6.8,0,false,0,70.2,32.3,0
S900,Kriti Joshi,kriti.joshi900@example.com,9876500900,ECE,1,40.9,6.87,0,false,0,57.3,72.2,4
S901,Simran Mehta,simran.mehta901@example.com,9876500901,EEE,3,76.9,4.66,4,false,0,62.0,63.9,4
S902,Priya Verma,priya.verma902@example.com,9876500902,EEE,4,71.7,6.7,0,true,12000,45.5,79.0,4
S903,Aditya Mehta,aditya.mehta903@example.com,9876500903,CE,8,68.6,4.92,4,false,0,65.6,39.0,2
S904,Diya Nair,diya.nair904@example.com,9876500904,EEE,7,51.6,8.12,3,true,12000,83.7,77.3,1
S905,Rohan Patel,rohan.patel905@example.com,9876500905,CSE,8,46.1,7.9,0,true,12000,75.5,70.2,2
S906,Isha Rao,isha.rao906@example.com,9876500906,IT,4,42.5,8.9,0,false,0,48.0,31.4,2
S907,Diya Nair,diya.nair907@example.com,9876500907,ME,5,56.6,5.75,2,true,15000,56.2,56.5,1
S908,Sneha Das,sneha.das908@example.com,9876500908,ECE,3,85.8,4.95,1,true,8000,43.2,46.1,0
S909,Aditya Patel,aditya.patel909@example.com,9876500909,ME,8,71.2,7.9,0,true,15000,67.0,56.1,1
S910,Manav Sharma,manav.sharma910@example.com,9876500910,EEE,8,46.2,7.58,4,false,0,49.8,25.6,0
S911,Kriti Rao,kriti.rao911@example.com,9876500911,CE,5,65.3,9.19,0,false,0,60.5,42.0,2
S912,Manav Mehta,manav.mehta912@example.com,9876500912,ME,7,82.5,7.47,0,false,0,86.9,46.9,3
S913,Priya Sharma,priya.sharma913@example.com,9876500913,CSE,4,62.4,7.48,3,false,0,61.2,61.7,0
S914,Isha Singh,isha.singh914@example.com,9876500914,IT,3,88.3,7.89,0,false,0,52.8,50.0,3
S915,Rahul Mehta,rahul.mehta915@example.com,9876500915,ECE,2,78.6,9.06,4,false,0,72.1,44.0,1
S916,Rohan Singh,rohan.singh916@example.com,9876500916,IT,3,89.8,9.08,2,true,5000,60.8,79.3,0
S917,Sneha Rao,sneha.rao917@example.com,9876500917,CSE,8,50.4,7.4,1,false,0,51.8,30.8,3
S918,Simran Mehta,simran.mehta918@example.com,9876500918,ME,6,43.1,7.99,0,false,0,86.5,65.1,4
S919,Aditya Joshi,aditya.joshi919@example.com,9876500919,CSE,4,91.9,5.38,2,true,8000,78.7,65.4,3
S920,Rahul Das,rahul.das920@example.com,9876500920,ME,3,55.9,5.38,0,true,12000,62.7,70.5,2
S921,Priya Patel,priya.patel921@example.com,9876500921,IT,4,71.8,4.59,0,true,20000,78.0,71.5,0
S922,Rahul Joshi,rahul.joshi922@example.com,9876500922,CE,3,59.9,5.3,1,false,0,84.6,60.0,2
S923,Manav Joshi,manav.joshi923@example.com,9876500923,CE,4,94.6,7.82,3,false,0,63.5,31.0,1
S924,Aarav Singh,aarav.singh924@example.com,9876500924,CE,7,66.5,6.41,4,false,0,69.5,43.6,1
S925,Isha Kaur,isha.kaur925@example.com,9876500925,IT,6,88.4,7.72,0,false,0,63.9,70.6,3
S926,Priya Kaur,priya.kaur926@example.com,9876500926,CSE,2,81.0,4.66,0,true,5000,64.1,52.7,1
S927,Simran Singh,simran.singh927@example.com,9876500927,IT,2,47.5,8.1,4,false,0,63.7,27.3,4
S928,Simran Joshi,simran.joshi928@example.com,9876500928,EEE,1,59.1,8.6,0,false,0,75.3,73.9,4
S929,Simran Rao,simran.rao929@example.com,9876500929,CSE,8,59.2,5.36,0,false,0,87.3,32.5,0
S930,Kriti Das,kriti.das930@example.com,9876500930,CSE,6,86.0,7.81,4,false,0,61.3,64.1,2
S931,Isha Singh,isha.singh931@example.com,9876500931,ECE,8,64.1,7.41,0,false,0,82.7,49.8,1
S932,Rahul Verma,rahul.verma932@example.com,9876500932,CE,3,92.7,7.2,0,true,12000,58.0,47.0,4
S933,Aarav Patel,aarav.patel933@example.com,9876500933,IT,5,51.5,9.31,0,false,0,78.4,24.6,0
S934,Rohan Joshi,rohan.joshi934@example.com,9876500934,CSE,2,62.5,5.42,4,false,0,56.7,31.6,0
S935,Manav Rao,manav.rao935@example.com,9876500935,EEE,4,48.2,9.27,4,true,8000,63.7,52.1,0
S936,Aditya Kaur,aditya.kaur936@example.com,9876500936,ME,6,67.1,8.93,0,true,12000,61.0,62.0,0
S937,Priya Nair,priya.nair937@example.com,9876500937,EEE,6,50.8,6.96,3,false,0,79.5,79.9,4
S938,Sneha Singh,sneha.singh938@example.com,9876500938,IT,1,76.0,5.12,2,false,0,51.2,58.6,1
S939,Diya Rao,diya.rao939@example.com,9876500939,EEE,3,54.4,6.65,3,false,0,63.9,62.1,4
S940,Kriti Nair,kriti.nair940@example.com,9876500940,EEE,6,90.1,5.43,1,true,8000,59.8,72.9,3
S941,Manav Mehta,manav.mehta941@example.com,9876500941,EEE,1,51.3,8.26,0,true,8000,81.2,20.6,4
S942,Manav Rao,manav.rao942@example.com,9876500942,ME,6,92.2,6.72,4,true,8000,61.3,48.0,1
S943,Manav Rao,manav.rao943@example.com,9876500943,IT,6,57.0,9.23,0,true,8000,49.3,36.9,2
S944,Manav Joshi,manav.joshi944@example.com,9876500944,IT,4,75.1,8.16,0,false,0,66.3,72.8,2
S945,Rahul Patel,rahul.patel945@example.com,9876500945,CSE,4,41.8,7.77,3,true,12000,78.1,56.7,4
S946,Sneha Kaur,sneha.kaur946@example.com,9876500946,IT,1,63.6,6.77,0,true,12000,59.6,34.0,3
S947,Manav Mehta,manav.mehta947@example.com,9876500947,EEE,2,79.4,4.84,2,false,0,72.3,30.1,0
S948,Kriti Joshi,kriti.joshi948@example.com,9876500948,CE,5,80.4,6.45,2,false,0,81.7,76.1,1
S949,Kriti Sharma,kriti.sharma949@example.com,9876500949,EEE,2,75.6,9.0,1,false,0,56.4,56.1,4
S950,Diya Joshi,diya.joshi950@example.com,9876500950,EEE,5,88.6,4.82,1,false,0,43.7,27.7,0
S951,Simran Rao,simran.rao951@example.com,9876500951,EEE,6,47.1,9.4,1,false,0,87.8,34.2,3
S952,Aarav Joshi,aarav.joshi952@example.com,9876500952,ME,3,63.5,8.32,0,true,5000,82.7,42.4,3
S953,Aarav Rao,aarav.rao953@example.com,9876500953,CSE,6,56.3,4.64,4,true,8000,76.7,50.8,1
S954,Diya Joshi,diya.joshi954@example.com,9876500954,ECE,1,59.4,8.09,0,false,0,82.2,37.3,0
S955,Priya Singh,priya.singh955@example.com,9876500955,ECE,3,51.6,5.68,0,false,0,60.1,43.6,1
S956,Isha Mehta,isha.mehta956@example.com,9876500956,ECE,7,73.1,7.78,0,true,12000,87.9,59.8,0
S957,Sneha Joshi,sneha.joshi957@example.com,9876500957,IT,5,46.4,4.87,2,false,0,53.9,45.6,3
S958,Rohan Nair,rohan.nair958@example.com,9876500958,CE,2,50.6,8.27,1,false,0,52.5,45.3,1
S959,Manav Singh,manav.singh959@example.com,9876500959,IT,6,48.8,6.6,0,false,0,75.0,27.0,1
S960,Neeraj Joshi,neeraj.joshi960@example.com,9876500960,CSE,1,63.7,4.67,0,true,5000,78.4,26.2,4
S961,Diya Singh,diya.singh961@example.com,9876500961,ME,6,72.1,7.62,0,true,12000,63.3,31.0,3
S962,Sneha Rao,sneha.rao962@example.com,9876500962,CSE,3,48.6,5.12,3,false,0,48.7,35.2,2
S963,Sneha Verma,sneha.verma963@example.com,9876500963,CE,8,68.0,9.11,0,false,0,49.0,66.1,0
S964,Aarav Rao,aarav.rao964@example.com,9876500964,ECE,1,63.1,8.52,1,false,0,65.7,35.6,4
S965,Kriti Patel,kriti.patel965@example.com,9876500965,CE,7,90.0,4.96,0,false,0,42.2,67.8,2
S966,Manav Rao,manav.rao966@example.com,9876500966,CE,3,62.4,6.85,1,false,0,51.2,29.3,0
S967,Sneha Verma,sneha.verma967@example.com,9876500967,EEE,5,73.3,6.87,2,false,0,43.1,40.8,4
S968,Aarav Nair,aarav.nair968@example.com,9876500968,CSE,5,67.8,5.66,2,true,20000,68.8,73.1,0
S969,Isha Sharma,isha.sharma969@example.com,9876500969,CE,6,58.6,5.72,4,true,5000,68.3,75.0,1
S970,Priya Singh,priya.singh970@example.com,9876500970,CSE,6,61.5,7.96,0,false,0,58.8,29.7,3
S971,Aarav Rao,aarav.rao971@example.com,9876500971,CSE,4,75.8,8.38,0,false,0,60.6,60.8,0
S972,Neeraj Joshi,neeraj.joshi972@example.com,9876500972,ME,8,61.2,5.27,0,false,0,86.8,49.1,3
S973,Isha Kaur,isha.kaur973@example.com,9876500973,CE,4,87.3,8.35,3,false,0,69.6,74.2,1
S974,Kriti Joshi,kriti.joshi974@example.com,9876500974,ECE,5,54.4,6.54,0,false,0,51.0,72.4,3
S975,Simran Nair,simran.nair975@example.com,9876500975,IT,3,81.0,7.14,0,false,0,83.9,53.0,3
S976,Manav Patel,manav.patel976@example.com,9876500976,CSE,4,72.1,5.54,0,false,0,42.0,79.0,0
S977,Manav Mehta,manav.mehta977@example.com,9876500977,EEE,5,92.7,7.09,4,false,0,42.4,20.8,1
S978,Rahul Rao,rahul.rao978@example.com,9876500978,ME,1,86.0,6.13,3,false,0,80.4,66.0,2
S979,Diya Joshi,diya.joshi979@example.com,9876500979,CSE,8,78.3,7.8,3,false,0,81.9,66.5,0
S980,Manav Patel,manav.patel980@example.com,9876500980,ME,1,70.6,4.97,2,false,0,77.7,59.0,3
S981,Rahul Singh,rahul.singh981@example.com,9876500981,CE,5,75.4,6.31,0,false,0,70.3,55.9,4
S982,Aarav Kaur,aarav.kaur982@example.com,9876500982,ME,1,56.5,7.85,0,false,0,48.8,66.3,1
S983,Diya Das,diya.das983@example.com,9876500983,EEE,4,54.5,5.76,1,false,0,50.0,31.1,4
S984,Isha Das,isha.das984@example.com,9876500984,ME,4,67.7,7.97,1,false,0,54.6,54.2,0
S985,Manav Verma,manav.verma985@example.com,9876500985,IT,8,64.3,5.07,4,false,0,48.5,77.9,1
S986,Priya Nair,priya.nair986@example.com,9876500986,ECE,7,72.8,8.86,0,false,0,48.1,35.9,3
S987,Aditya Das,aditya.das987@example.com,9876500987,CE,5,83.3,8.94,4,false,0,77.1,30.5,3
S988,Priya Mehta,priya.mehta988@example.com,9876500988,ECE,4,64.8,8.1,0,false,0,50.7,71.6,4
S989,Isha Joshi,isha.joshi989@example.com,9876500989,ECE,6,82.8,5.86,0,false,0,71.8,49.4,1
S990,Diya Nair,diya.nair990@example.com,9876500990,CE,5,44.1,8.27,0,false,0,49.8,62.1,2
S991,Rohan Nair,rohan.nair991@example.com,9876500991,EEE,2,89.1,6.9,1,false,0,53.3,79.8,4
S992,Rahul Patel,rahul.patel992@example.com,9876500992,ECE,1,75.7,9.12,1,false,0,47.7,28.3,1
S993,Simran Verma,simran.verma993@example.com,9876500993,ME,6,46.8,6.1,2,false,0,59.0,29.3,3
S994,Simran Verma,simran.verma994@example.com,9876500994,EEE,3,92.6,8.33,3,false,0,52.9,54.2,2
S995,Aarav Mehta,aarav.mehta995@example.com,9876500995,CSE,7,91.5,7.52,0,true,15000,65.4,28.1,4
S996,Aarav Das,aarav.das996@example.com,9876500996,EEE,6,84.3,9.12,0,false,0,54.0,35.5,2
S997,Rohan Singh,rohan.singh997@example.com,9876500997,ECE,4,76.3,5.33,1,true,12000,65.1,31.7,1
S998,Diya Mehta,diya.mehta998@example.com,9876500998,IT,8,50.8,6.67,4,false,0,88.0,59.1,3
S999,Kriti Rao,kriti.rao999@example.com,9876500999,CE,2,41.9,6.55,4,false,0,50.4,27.4,4
S1000,Rahul Joshi,rahul.joshi1000@example.com,9876501000,CE,6,53.4,6.62,3,false,0,81.6,21.8,1
